INDEX,QCODE,SOURCE,LAYER1,LAYER2,LAYER3,TYPE,CODE1,CODE2,TITLE,QUESTION,INPUT,RESULT,ANSWER,풀이회수,정답회수,오답회수,오답율,EXPLAIN,ANALSYS,1ST,2ND,3rd,4th,5th,6th,7th,8th,9th,10th
603,ABANK-0603,인스교재,09해상보험,해상보험기초,의의와 필요성,진위형,AD01,AD01,해상보험이 보장하는 위험,"해상보험은 바다 위에서 발생하는 위험만을 보장하며, 육지에서의 위험은 보장하지 않는다",,X,X,10.0,10.0,0,,,1개의 진위,,,,,,,,,,
604,ABANK-0604,인스교재,09해상보험,해상보험기초,의의와 필요성,진위형,AD01,AD01,해상보험이 보장하는 위험,"해상보험은 해상사업에 관한 사고를 보상하므로, 해상에서 발생한 위험을 대상으로 하며, 육지 내에서 발생한 사고는 해상보험의 보상대상이 아니다",,X,X,10.0,10.0,0,,육지도 포함,,,,,,,,,,,
605,ABANK-0605,인스교재,09해상보험,해상보험기초,의의와 필요성,진위형,AD01,AD01,국제무역의 3대지주,"국제무역의 3대 지주는 해운, 국제금융, 적하보험이다",O,O,O,10.0,10.0,0,,,3개요소 나열,,,,,,,,,,
606,ABANK-0606,인스교재,09해상보험,해상보험기초,의의와 필요성,진위형,AD01,AD01,국제무역의 3대지주,"국제무역의 3대 지주는 운송을 담당하는 해운, 금융을 담당하는 국제금융, 위험을 담당하는 적하보험이다",O,O,O,10.0,10.0,0,,,,,,,,,,,,,
607,ABANK-0607,인스교재,09해상보험,해상보험기초,기원과발전,진위형,AD01,AD01,해상보험 기원,해상보험 기원에 관한 통설은 해상(모험)대차설이다,O,O,O,10.0,10.0,0,,,,,,,,,,,,,
608,ABANK-0608,인스교재,09해상보험,해상보험기초,기원과발전,진위형,AD01,AD01,해상보험약관변천사,로이즈보험증권(Loyd's S.G. policy)는 1779년 1월 로이즈 총회에서 하나의 통일된 표준 해상보험증권 양식을 제정한 것이다,O,O,O,10.0,10.0,0,,,,,,,,,,,,,
609,ABANK-0609,인스교재,09해상보험,해상보험기초,기원과발전,진위형,AD01,AD01,해상보험약관변천사,"① 982년 새로운 협회 적하약관을 도입하였으며 ICC(1/R), ICC(WA), ICC(FPA)로 이루어 져 있다",,X,X,10.0,10.0,0,,,,,,,,,,,,,
610,ABANK-0610,인스교재,09해상보험,해상보험기초,기원과발전,진위형,AD01,AD01,해상보험약관변천사,합동선박위원회(JHC)는 협회선박약관(ITC)를 대체할 목적으로 2002년 11월 국제선박약관(internatinal Hull Clause : IHC) 초안을 작성하였으며 2003년 11월에 최종 공표하였다,O,O,O,10.0,10.0,0,,,,,,,,,,,,,
611,ABANK-0611,인스교재,09해상보험,해상보험기초,기원과발전,진위형,AD01,AD01,해상보험약관변천사,"① 982년 새로운 협회 적하약관을 도입하였으며 ICC(A), ICC(B), ICC(C)로 이루어 져 있다",O,O,O,10.0,10.0,0,,,,,,,,,,,,,
612,ABANK-0612,인스교재,09해상보험,해상보험기초,기원과발전,진위형,AD01,AD01,해상보험약관변천사,① 009년 협회적하약관(ICC)가 개정되었으며 운송기간의 연장등의 개정사항이 있다,O,O,O,10.0,10.0,0,,,,,,,,,,,,,
613,ABANK-0613,인스교재,09해상보험,해상보험기초,기원과발전,진위형,AD01,AD01,해상보험약관변천사,합동선박위원회(JHC)는 국제선박약관(international Hull Clause : IHC) 를 대체할 목적으로 2002년 11월 협회 선박약관(ITC) 초안을 작성하였으며 2003년 11월에 최종 공표하였다,,X,X,10.0,10.0,0,,ITC 대체목적으로 IHC작성,,,,,,,,,,,
614,ABANK-0614,인스교재,09해상보험,해상보험기초,기원과발전,진위형,AD01,AD01,로이즈의 성격,런던 로이즈는 보험회사가 아니며 보험서비스를 제공하는 하나의 조합이자 보험거래소다,O,O,O,10.0,10.0,0,,,,,,,,,,,,,
615,ABANK-0615,인스교재,09해상보험,해상보험기초,의의와 필요성,진위형,AD01,AD01,적법한 해상사업,해상보험계약의 목적이 될수 있는 적법한 해상사업에는 다른 선박에 실려 있는 화물(Goods)를 편취하고자 하는 경우가 포함된다,,X,X,10.0,10.0,0,,편취는 불법,,,,,,,,,,,
616,ABANK-0616,인스교재,09해상보험,해상보험기초,의의와 필요성,진위형,AD01,AD01,적법한 해상사업,"해상보험계약의 목적이 될 수 있는 적법한 해상사업에는 금전적 이익의 슁ㅂ이나 취득, 대출금, 선비를 위한 담보와 해상위험에 노출되어 위험에 직면한 경우로 볼 수 있다",O,O,O,10.0,10.0,0,,,,,,,,,,,,,
617,ABANK-0617,인스교재,09해상보험,해상보험기초,의의와 필요성,진위형,AD01,AD01,적법한 해상사업,해상보험계약의 목적이 될 수 있는 적법한 해상사업에는 피보험재산 소유자 또는 이해관계가 있거나 책임 있는 자가 해상위험 때문에 제3자에 대하여 배상책임을 부담하는 경우가 포함된다,O,O,O,10.0,10.0,0,,,,,,,,,,,,,
618,ABANK-0618,인스교재,09해상보험,해상보험기초,기원과발전,진위형,AD01,AD01,로이즈의 특징,로이즈는 보험회사가 아니며 보험서비스를 제공하는 하나의 조합이자 보험거래소다 이며 개별 보험업자들은 자신이 인수한 보험에 대해 지불한 보증금 한도 내에서 유한책임을 부담한다,,X,X,10.0,10.0,0,,무한책임,,,,,,,,,,,
619,ABANK-0619,인스교재,09해상보험,해상보험기초,해상보험의특징,진위형,AD01,AD01,다른손해보험과차이점,해상보험은 해상위험에 단기간 노출되므로 특정위험을 부담한다,,X,X,10.0,10.0,0,,장기간 광법위한 위험,,,,,,,,,,,
620,ABANK-0620,인스교재,09해상보험,해상보험기초,해상보험의특징,진위형,AD01,AD01,다른손해보험과차이점,해상보험에서 기평가 보험은 사기가 없는한 결정적이다,O,O,O,10.0,10.0,0,,,,,,,,,,,,,
621,ABANK-0621,인스교재,09해상보험,해상보험기초,해상보험의특징,진위형,AD01,AD01,다른손해보험과차이점,"해상보험이 다른 손해보험과 다른 차이점은
① 국제성
② 기업보험성
③ 전문성요구
④ 광범위한 위험 부담 등이다",O,O,O,10.0,10.0,0,,,,,,,,,,,,,
622,ABANK-0622,인스교재,09해상보험,해상보험기초,법률적배경,진위형,AD01,AD01,도박간주 문구,보험증권이 이익불문(interest or no interest)라는 문구로 작성되는 경우에는 도박으로 간주된다,O,O,O,10.0,10.0,0,,,,,,,,,,,,,
623,ABANK-0623,인스교재,09해상보험,해상보험기초,법률적배경,진위형,AD01,AD01,도박간주 문구,도박으로 간주되는 문구 보험증권 이외에 추가 증명 없음(withotu further proof of interest than the policy itself) 보험자에게 구조물의 권리 없음( without benefit of salvage to the insurer) 이 있다,O,O,O,10.0,10.0,0,,,,,,,,,,,,,
624,ABANK-0624,인스교재,09해상보험,해상보험기초,법률적배경,진위형,AD01,AD01,도박간주 문구,보험계약이 보험의 목적의 멸실 여부를 불문(lost or not lost) 조건으로 체결된 경우 도박으로 간주된다,,X,X,10.0,10.0,0,,도박과 무관함,,,,,,,,,,,
625,ABANK-0625,인스교재,09해상보험,해상보험기초,법률적배경,진위형,AD01,AD01,피보험이익,피보험이익(insurable interest)이란 보험의 목적이 멸실 또는 손상에 의하여 특정인(피보험자)이 입게되는 적법한 경제적 이해관계를 뜻한다,O,O,O,10.0,10.0,0,,,,,,,,,,,,,
626,ABANK-0626,인스교재,09해상보험,해상보험기초,법률적배경,진위형,AD01,AD01,피보험이익,멸실불문(lost or not lost)) 보험증권 일명 명예보험증권은 보험증권 자체가 피보험이익의 증명이 되고 이외에는 추가로 피보험이익을 증명할 필요가 없음이 명시된 보험증권을 말한다,,X,X,10.0,10.0,0,,,,,,,,,,,,,
627,ABANK-0627,인스교재,09해상보험,해상보험기초,법률적배경,진위형,AD01,AD01,고지의무 위반 효과,고지의무 위반이 고의적이거나 무모한 위반인 경우에는 보험계약이 취소되고 보험금은 지급되지 않으며 보험료도 미환급 된다,O,O,O,10.0,10.0,0,,,,,,,,,,,,,
628,ABANK-0628,인스교재,09해상보험,해상보험기초,법률적배경,진위형,AD01,AD01,고지의무 위반 효과,단순위반의 경우 보험계약취소+보험금미지급+보험료 환급,O,O,O,10.0,10.0,0,,,,,,,,,,,,,
629,ABANK-0629,인스교재,09해상보험,해상보험기초,법률적배경,진위형,AD01,AD01,로이즈 보험증권,로이즈 보험증권은 세계무역기구(WTO)에서 해상보험의 표준을 위하여 제정 및 배포한 것이다,,X,X,10.0,10.0,0,,,,,,,,,,,,,
630,ABANK-0630,인스교재,09해상보험,해상보험기초,법률적배경,진위형,AD01,AD01,보험증권해석원칙,해상보험증권을 해석 할 때에는 인쇄문언이 수기문언에 우선한다,,X,X,10.0,10.0,0,,수기문헌 우선,,,,,,,,,,,
631,ABANK-0631,인스교재,09해상보험,해상보험기초,법률적배경,진위형,AD01,AD01,보험증권해석원칙,"보험증권 해석의 원칙은
① 계약당사자의 의사 우선고려,
② 모호한 문언은 합리적 해석을 우선적용
③ 모호한 문언은 최종적으로 작성자 불이익 해석 원칙 적용가능",O,O,O,10.0,10.0,0,,,,,,,,,,,,,
632,ABANK-0632,인스교재,09해상보험,해상보험기초,법률적배경,진위형,AD01,AD01,보험증권해석원칙,모호한 문언은 최종적으로 보험 계약자 불이익 해석 원칙 적용가능,X,O,X,10.0,7.0,3,,작성자 불이이의 원칙,,,,,,,,,,,
633,ABANK-0633,인스교재,09해상보험,해상보험기초,법률적배경,진위형,AD01,AD01,피보험이익,이익불문(interest of no interest) 보험증권 일명 명예보험증권은 보험증권 자체가 피보험이익의 증명이 되고 이외에는 추가로 피보험이익을 증명할 필요가 없음이 명시된 보험증권을 말한다,,X,X,10.0,9.0,1,,PIP,,,,,,,,,,,
634,ABANK-0634,인스교재,09해상보험,해상보험기초,법률적배경,진위형,AD01,AD01,로이즈 보험증권,로이즈 보험증권은 1779년1월 로이즈 총회에서 하나의통일된 표준 해상보험증권 양식으로 제정한 것으로 오랫동안 전세계 해상보험약관의 표준으로 사용되었다,O,O,O,10.0,9.0,1,,,"착각, 집중력",,,,,,,,,,
635,ABANK-0635,인스교재,09해상보험,해상보험기초,법률적배경,진위형,AD01,AD01,피보험이익,PPI(Policy Proof of Interest) 보험증권 일명 명예보험증권은 보험증권 자체가 피보험이익의 증명이 되고 이외에는 추가로 피보험이익을 증명할 필요가 없음이 명시된 보험증권을 말한다,O,O,O,10.0,9.0,1,,PIP,"착각, 집중력",,,,,,,,,,
636,ABANK-0636,인스교재,09해상보험,해상보험조건,법률적배경,진위형,AD02,AD02,선체보험 보험목적,"선체 보험은 선체 그 자체 뿐만이 아니라 선박자재, 의장선구, 기관과 항해용구 등을 포함하여 보험목적으로 한다",O,O,O,10.0,10.0,0,,,,,,,,,,,,,
637,ABANK-0637,인스교재,09해상보험,해상보험조건,고지의무와담보,진위형,AD02,AD02,묵시담보와 명시담보,묵시담보(implied waranty)란 담보의 내용이 문자로 표현되지는 않았지만 보험계약의 체결을 전제로 묵시적으로 인정되는 담보를 말한다,O,O,O,10.0,10.0,0,,,,,,,,,,,,,
638,ABANK-0638,인스교재,09해상보험,해상보험조건,고지의무와담보,진위형,AD02,AD02,묵시담보와 명시담보,묵시담보에 해당하는 예로 적법담보(warrantyf legality)와 감항담보(warrantyf seaworthiness)가 있다,O,O,O,10.0,10.0,0,,,,,,,,,,,,,
639,ABANK-0639,인스교재,09해상보험,해상보험조건,고지의무와담보,진위형,AD02,AD02,묵시담보와 명시담보,"명시담보에는 안전담보(warrantyf good safety), 선비담보(disbursement warranties), 중립담보(warrantyf neutrality), 감항담보(warrantyf seaworthiness)등이 있다",,X,X,10.0,10.0,0,,감항담보-묵시담보,,,,,,,,,,,
640,ABANK-0640,인스교재,09해상보험,해상보험조건과보상범위,적하보험,진위형,AD02,AD02,Insuranct Act 2015,Insurance Act 2015는 2015년 2월 영국 의회를 통과하여 2016년 8월 부터 시행된 영국의 법률이다,O,O,O,10.0,10.0,0,,,,,,,,,,,,,
641,ABANK-0641,인스교재,09해상보험,해상보험조건과보상범위,적하보험,진위형,AD02,AD02,Insuranct Act 2015,Insurance Act 2015가 시행되어 기존의 MIA1906은 효력을 잃게 되었다,,X,X,10.0,10.0,0,,효력계속 병행,,,,,,,,,,,
642,ABANK-0642,인스교재,09해상보험,해상보험조건과보상범위,적하보험,진위형,AD02,AD02,Insuranct Act 2015,Insurance Act 2015는 Utmost good faith(최대선의)라는 모호한 개념을 Fair presentationf risk(위험의 공정한 표시)로 명확히 하였다,O,O,O,10.0,10.0,0,,,,,,,,,,,,,
643,ABANK-0643,인스교재,09해상보험,해상보험조건과보상범위,적하보험,진위형,AD02,AD02,S.G Policy 조건,lost or not lost는 소급보험의 효력을 인정하는 조항이다,O,O,O,10.0,10.0,0,,,,,,,,,,,,,
644,ABANK-0644,인스교재,09해상보험,해상보험조건과보상범위,적하보험,진위형,AD02,AD02,ICC(FPA)와 ICC(WA)비교,"ICC(FPA)는 ICC(WA)에서 보상하는 손해에 추가하여 해상고유의 위험 중 하나인 악천후로 야기된 단독해손, 투하나 강도로 인한 단독해손을 추가로 보상한다",,X,X,10.0,10.0,0,,FPR와 WA이 바뀜,,,,,,,,,,,
645,ABANK-0645,인스교재,09해상보험,해상보험조건과보상범위,적하보험,진위형,AD02,AD02,ICC(FPA) 보상손해,ICC(FPA Free from Particular Average)에서 단독해손은 일부 예외를 제외하고는 기본적으로 보상하지 않는다,O,O,O,10.0,10.0,0,,,,,,,,,,,,,
646,ABANK-0646,인스교재,09해상보험,해상보험조건과보상범위,적하보험,진위형,AD02,AD02,ICC(FPA) 보상손해,"ICC(FPA Free from Particular Average)에서 보상하는 손해는 현실전손, 추정전손, 공동해손과 모든 단독해손 이다",,X,X,10.0,10.0,0,,단독해손중 일부만,,,,,,,,,,,
647,ABANK-0647,인스교재,09해상보험,해상보험조건과보상범위,적하보험,진위형,AD02,AD02,ICC(FPA) 보상손해,"ICC(FPA Free from Particular Average)은 단독해손부담보 약관으로서 대부분의의 단독해손을 부담하지 않지만 화재(폭발), 선박의 좌초/침몰, 조난항 적하의 양하등은 보장한다",O,O,O,10.0,10.0,0,,,,,,,,,,,,,
648,ABANK-0648,인스교재,09해상보험,해상보험조건과보상범위,적하보험,진위형,AD02,AD02,ICC(FPA) 보상손해,ICC(WA3%)는 손해가 가입금액의 3% 이상인 경우에 보상한다,O,O,O,10.0,10.0,0,,,,,,,,,,,,,
649,ABANK-0649,인스교재,09해상보험,해상보험조건과보상범위,적하보험,진위형,AD02,AD02,ICC(FPA) 보상손해,"ICC(WA)는 ICC(FPA)에 추가하여 악천후(HW), 투하(J),도둑(THIEF)를 추가 보장한다",O,O,O,10.0,10.0,0,,,,,,,,,,,,,
650,ABANK-0650,인스교재,09해상보험,해상보험조건과보상범위,적하보험,진위형,AD02,AD02,"ICC(B),ICC(C)  보장손해","ICC(B)는 해수, 호수, 또는 하천수의 유입손해를 보상한다",O,O,O,10.0,10.0,0,,,,,,,,,,,,,
651,ABANK-0651,인스교재,09해상보험,해상보험조건과보상범위,적하보험,진위형,AD02,AD02,"ICC(B),ICC(C)  보장손해","ICC(B)에서는 보상되지만 ICC(C)에서는 보상되지 않는위험은 지진, 화산폭발, 낙뢰다",O,O,O,10.0,10.0,0,,,,,,,,,,,,,
652,ABANK-0652,인스교재,09해상보험,해상보험조건과보상범위,적하보험,진위형,AD02,AD02,"ICC(B),ICC(C)  보장손해","ICC(B)에서는 보상되지만 ICC(C)에서는 보상되지 않는위험은 갑판유실, 해수,호수 또는 하천수의 유입, 하역중 멸실된 매포장당 전손 등이다",O,O,O,10.0,10.0,0,,,,,,,,,,,,,
653,ABANK-0653,인스교재,09해상보험,해상보험조건과보상범위,적하보험,진위형,AD02,AD02,"ICC(B),ICC(C)  보장손해","ICC(B)에서는 보상되지만 ICC(C)에서는 보상되지 않는위험은 화재 또는 폭발, 공동해손, 투하다",,X,X,10.0,10.0,0,,양쪽 모두 보장함,,,,,,,,,,,
654,ABANK-0654,인스교재,09해상보험,해상보험조건과보상범위,적하보험,진위형,AD02,AD02,"ICC(B),ICC(C)  보장손해","ICC(B)에서는 보상되지만 ICC(C)에서는 보상되지 않는위험은 육상운송용구의 전복 또는 탈선, 선박의 좌초, 침몰 전복등이다",,X,X,10.0,10.0,0,,양쪽 모두 보장함,,,,,,,,,,,
655,ABANK-0655,인스교재,09해상보험,해상보험조건과보상범위,적하보험,진위형,AD02,AD02,"ICC(B),ICC(C)  보장손해",ICC(c)에서는 보상되지 않지만 ICC(B)에서는 보상되는 위험은 하역중 낙하하거나 갑판에서 멸실 된 매포장당 전손이다,O,O,O,10.0,10.0,0,,,,,,,,,,,,,
656,ABANK-0656,인스교재,09해상보험,해상보험조건과보상범위,적하보험,진위형,AD02,AD02,MAR FORM 난외약관,"MAR FORM 1982에서 난외약관에 해당하는 것은 중요사항, 손해사정, 보험청구 등이다",O,O,O,10.0,10.0,0,,,,,,,,,,,,,
657,ABANK-0657,인스교재,09해상보험,해상보험조건과보상범위,적하보험,진위형,AD02,AD02,보험개시종료시점비교,보험의 보장이 개시 되는 시점은 ICC 1982는 화물이 창고등에서 출발할 때 지만 ICC 2009는 창고에서 처음 이동을 개시할 때다,O,O,O,10.0,10.0,0,,,,,,,,,,,,,
658,ABANK-0658,인스교재,09해상보험,해상보험조건과보상범위,적하보험,진위형,AD02,AD02,보험개시종료시점비교,보험의 보장이 종료 되는 시점은 ICC 1982는 최종창고에서 화물을 인도한 때 이지만 ICC 2009는최종창고 안에서 하역을 완료한 때임,O,O,O,10.0,10.0,0,,,,,,,,,,,,,
659,ABANK-0659,인스교재,09해상보험,해상보험조건과보상범위,기타특별약관,진위형,AD02,AD02,생동물약관,Country damage Clause는 생동물의 사망을 담보하며 검역소에서 30일은 한도로 담보하며 최종 수하주에게 인도될 때까지 그리고 도착후 7일 동안의 사암위험을 담보한다,,X,X,10.0,10.0,0,,생동물 약관,,,,,,,,,,,
660,ABANK-0660,인스교재,09해상보험,해상보험조건과보상범위,기타특별약관,진위형,AD02,AD02,생동물약관,생동물약관(Livestock Clause)는 생동물의 사망을 담보하며 검역소에서 30일을 한도로 담보하며 최종 수하주에게 인도될 때까지 그리고 도착후 7일 동안의 사망위험을 담보한다,O,O,O,10.0,10.0,0,,,,,,,,,,,,,
661,ABANK-0661,인스교재,09해상보험,해상보험조건과보상범위,선박보험,진위형,AD02,AD02,"TLO, SC/SL담보위험","TLO, SC/SL은 ITC의 담보위험에서 단독해손 , 공동해손, 충돌책임이 제외된 것이다",O,O,O,10.0,10.0,0,,,,,,,,,,,,,
662,ABANK-0662,인스교재,09해상보험,해상보험조건과보상범위,선박보험,진위형,AD02,AD02,"TLO, SC/SL담보위험","TLO, SC/SL은 담보위험으로 발생한 현실전손, 추정전손, 구조료를 보상한다",O,O,O,10.0,10.0,0,,,,,,,,,,,,,
663,ABANK-0663,인스교재,09해상보험,해상보험조건과보상범위,선박보험,진위형,AD02,AD02,FPL조건,"FPL은 단독해손 부담보 조건이므로 대부분의 단독해손을 담보하지 않지만 예외적으로 SSBC(좌초, 침몰, 화재, 충돌)에 의한 단독해손은 보상한다",O,O,O,10.0,10.0,0,,,,,,,,,,,,,
664,ABANK-0664,인스교재,09해상보험,해상보험조건과보상범위,선박보험,진위형,AD02,AD02,선비증액보험 운임보험,충돌배상금의 경우 선비 및 증액보험에서 선체보험의 보험금을 초과하는 부분을 보상한다,O,O,O,10.0,10.0,0,,,,,,,,,,,,,
665,ABANK-0665,인스교재,09해상보험,해상보험조건과보상범위,선박보험,진위형,AD02,AD02,선비증액보험 운임보험,"구조료, 손해방지비용, 공동해손비용이 선체보험에서 비례 보상되는 경우 이로 인해 보상받지 못하는 부분을 선비 및 증액보험이 보상한다",O,O,O,10.0,10.0,0,,,,,,,,,,,,,
666,ABANK-0666,인스교재,09해상보험,해상보험조건과보상범위,선박보험,진위형,AD02,AD02,선비증액보험 운임보험,선비 및 증액보험은 선박의 시장가격 변동에 따라 선체보험에서 보상받지 봇하는 비용을 보상하는 보험으로서 선박이 전손된 경우 선체보험에 추가하여 보상한다,O,O,O,10.0,10.0,0,,,,,,,,,,,,,
667,ABANK-0667,인스교재,09해상보험,해상보험조건과보상범위,P&I 보험,진위형,AD02,AD02,P&I 보험의 성질,P&I(Protection and Indemnity Insurance) 보험은 해상책임보험의 한 형태이며 일반 해상보험회사에서 인수한다,,X,X,10.0,10.0,0,,클럽에서인수,,,,,,,,,,,
668,ABANK-0668,인스교재,09해상보험,해상보험조건과보상범위,항공보험,진위형,AD02,AD02,항공보험보상손해,항공기기체보험은 포괄위험 담보 방식으로서 우연한 사고에 의하여 발생한 항공기 자체(장비품 포함)의 손해를 포괄적으로 보장한다,O,O,O,10.0,10.0,0,,,,,,,,,,,,,
669,ABANK-0669,인스교재,09해상보험,해상보험조건과보상범위,항공보험,진위형,AD02,AD02,항공보험보상손해,승객배상책임보험은 우연한 항공기 사고로 항공기에 탑승한 승객의 생명이나 신체에 손상을 입히거나 항공기에 의하여 수송 또는 하역중인 수탁화물이나 승객의 수하물에 피해를 입혔을 때에 법률상 손해배상 책임 및 소송비용을 보상하는 보험이다,O,O,O,10.0,10.0,0,,,,,,,,,,,,,
670,ABANK-0670,인스교재,09해상보험,해상보험조건과보상범위,항공보험,진위형,AD02,AD02,항공보험보상손해,항공보험은 항공운송 사업자의 위험보장과 사고 피해자 보호라는 두가지 목적으로 운영된다,O,O,O,10.0,10.0,0,,,,,,,,,,,,,
671,ABANK-0671,인스교재,09해상보험,해상보험조건과보상범위,항공보험,진위형,AD02,AD02,화물배상책임보험,"항공 화물 배상책임보험은 우연한 사고로 발생한 수탁화물에 대한 피보험자의 법률상 손해배상책임을 담보하며, 화물의 연착이나 취급과정에서 발생한 손해는 보상하지 않는다",,X,X,10.0,10.0,0,,"연착, 취급손해 보상",,,,,,,,,,,
672,ABANK-0672,인스교재,09해상보험,해상보험조건과보상범위,선박보험,진위형,AD02,AD02,계선보험,계선위험은 항해위험에 비하여 사고발생 가능성이 현저히 크기 때문에 계선보험에 따로 가입하는 것이 일반적이다,,X,X,10.0,10.0,0,,사고발생 적음,,,,,,,,,,,
673,ABANK-0673,인스교재,09해상보험,해상보험조건과보상범위,선박보험,진위형,AD02,AD02,계선보험,계선보험은 항구에서 이루어 지므로 태풍 등으로 인한 계절의 영향에 따른 보험요율의 변동없이 일정한 보험요율이 유지된다,,X,X,10.0,10.0,0,,보험요율 변동,,,,,,,,,,,
674,ABANK-0674,인스교재,09해상보험,해상보험조건과보상범위,항공보험,진위형,AD02,AD02,제3자배상책임보험,"항공 제3자배상책임보험은 우연한 항공기사고로 제3자의 생명이나 신체를 해치거나 재물에 손해를 입혔을 때 법률상 손해배상책임을 보상하며, 소송비용은 보상대상이 아니다",,X,X,10.0,10.0,0,,승객배상책임보험,,,,,,,,,,,
675,ABANK-0675,인스교재,09해상보험,해상보험조건과보상범위,항공보험,진위형,AD02,AD02,제3자배상책임보험,"항공 제3자배상책임보험은 우연한 항공기사고로 제3자의 생명이나 신체를 해치거나 재물에 손해를 입혔을 때 법률상 손해배상책임을 보상하며, 소송비용도 보상한다",O,O,O,10.0,10.0,0,,,,,,,,,,,,,
676,ABANK-0676,인스교재,09해상보험,해상보험조건과보상범위,항공보험,진위형,AD02,AD02,항공보험보상손해,"항공보험에서 제3자배상책임보험은 보통1좌석당, 1사고당 보상한도를 정하며, 원칙적으로 전 좌석에 대해 일괄적으로 부보한다",,X,X,10.0,9.0,1,,승객배상책임보험,,,,,,,,,,,
677,ABANK-0677,인스교재,09해상보험,해상보험조건과보상범위,항공보험,진위형,AD02,AD02,행방불명 기간,기체보험에서 항공기가 행방불명되어 60일간 소식을 알 수 없을 때에는 보험금을 지급한다,O,O,O,10.0,9.0,1,,,,,,,,,,,,,
678,ABANK-0678,인스교재,09해상보험,해상보험조건과보상범위,적하보험,진위형,AD02,AD02,Insuranct Act 2015,기존 MIA에서 고지의무 위반시 취소 규정을 Insurance Act 2015에서는 삭제 하였다,O,O,O,10.0,8.0,2,,,,,,,,,,,,,
679,ABANK-0679,인스교재,09해상보험,해상보험조건과보상범위,적하보험,진위형,AD02,AD02,ICC(FPA) 보상손해,"적하보험에서 ICC(FPA Free from Particular Average)은 단독해손부담보 약관으로서 모든 형태의 단독해손을 부담하지 않지만 공동해손, 손해방지비용, 특별비용등은 보상한다",X,O,X,10.0,7.0,3,,SSBC 단독해손등 보장,착각,,,,,,,,,,
680,ABANK-0680,인스교재,09해상보험,해상보험조건과보상범위,적하보험,진위형,AD02,AD02,ICC(FPA) 보상손해,"ICC(WAIOP)는 침몰, 좌초, 화재 및 폭발로 발생한 단독해손을 제외한 나머지 분손을 보상하는 조건이다",X,O,X,10.0,7.0,3,,"SSBK+HW,J,T",,,,,,,,,,,
681,ABANK-0681,인스교재,09해상보험,해상보험조건과보상범위,적하보험,진위형,AD02,AD02,보험개시종료시점비교,ICC 2009에서 보험의 시작 시점은 화물이 창고에서 출발 할 때이며 종료 시점은 최종창고 안에서 하역을 완료한 때임,X,O,X,10.0,7.0,3,,창고내에서 이동개시,집중력,,,,,,,,,,
682,ABANK-0682,인스교재,09해상보험,해상보험조건과보상범위,선박보험,진위형,AD02,AD02,FPL조건,선박보험에서 FPL은 기본약관을 그대로 사용하고 특별조건을 삽입하여 사용하는 단독해손 부담보 조건이므로 ITC 담보위험 중에서 SSBC로 인한 단독해손을 제외하고 나머지 손해는 보장한다,X,O,X,10.0,7.0,3,,SSBC제외한기타단독해손미보장,국어실력,,,,,,,,,,
683,ABANK-0683,인스교재,09해상보험,해상보험조건과보상범위,선박보험,진위형,AD02,AD02,선비증액보험 운임보험,선비 및 증액보험은 선박이 사고로 중단한 경우에 그로 인하여 취득하지 못한 운임의 손실을 보상한다,X,O,X,10.0,7.0,3,,운임보험,몰랐음,,,,,,,,,,
684,ABANK-0684,인스교재,09해상보험,해상보험조건과보상범위,선박보험,진위형,AD02,AD02,선비증액보험 운임보험,운임보험은 선박이 사고로 중단한 경우에 그로 인하여 취득하지 못한 운임의 손실을 보상한다,O,O,O,10.0,8.0,2,,,,,,,,,,,,,
685,ABANK-0685,인스교재,09해상보험,해상보험조건과보상범위,P&I 보험,진위형,AD02,AD02,P&I 보험의 성질,P&I(Protection and Indemnity Insurance) 보험은 해상책임보험의 한 형태이며 P&I Club(선주책임상호조합)에서 별도의 보험증권으로 인수한다,O,O,O,10.0,8.0,2,,,,,,,,,,,,,
686,ABANK-0686,인스교재,09해상보험,해상보험조건과보상범위,선박보험,진위형,AD02,AD02,계선보험,"계선보험은 충돌배상책임의 보험금 전액을 보상하며 P&I위험(접촉, 충돌로 인한 부두의손상 및 멸실에 대한 배상책임)을 보상한다",O,O,O,10.0,8.0,2,,,"착각, 집중력",,,,,,,,,,
687,ABANK-0687,인스교재,09해상보험,해상보험조건과보상범위,적하보험,진위형,AD02,AD02,S.G Policy 조건,"S.G Policy 본문약관중 보험의 목적 upon any kindf Goods and Merchancises, 영어 고어체 Goods는 상품의 성질을 가지는 화물을 의미하며 선원이나 승객의 소지품도 포함한다",,X,X,10.0,9.0,1,,선원승객소지품 미포함,,,,,,,,,,,
688,ABANK-0688,인스교재,09해상보험,해상보험조건과보상범위,적하보험,진위형,AD02,AD02,MAR FORM 난외약관,"MAR FORM 1982에서 본문약관에 포함되는 것은 준거법약관, 타보험약관, 선언약관, 손해사정이다",,X,X,10.0,9.0,1,,손해사정제외,"착각, 집중력",,,,,,,,,,
689,ABANK-0689,인스교재,09해상보험,해상보험조건과보상범위,적하보험,진위형,AD02,AD02,MAR FORM 난외약관,"MAR FORM 1982에서 난외약관에 해당하는 것은 준거볍약관, 타보험 약관, 선언약관 이다",,X,X,10.0,9.0,1,,본문약관 해당사항,,,,,,,,,,,
690,ABANK-0690,인스교재,09해상보험,해상보험조건과보상범위,적하보험,진위형,AD02,AD02,"ICC(B),ICC(C)  보장손해","ICC(c)에서는 보상되지 않지만 ICC(B)에서는 보상되는 위험은 선박 또는 부선의 좌초, 좌주, 침몰 또는 전복이다",,X,X,10.0,9.0,1,,양쪽 모두 보장함,부주의,,,,,,,,,,
691,ABANK-0691,인스교재,09해상보험,해상보험조건과보상범위,적하보험,진위형,AD02,AD02,보험개시종료시점비교,ICC 2009에서 보험의 보장이 종료되는 시점은 최종창고 안에서 하역 완료한 때다,O,O,O,10.0,9.0,1,,,,,,,,,,,,,
692,ABANK-0692,인스교재,09해상보험,해상보험조건과보상범위,적하보험,진위형,AD02,AD02,보험개시종료시점비교,ICC 1982에서 보험의 시작 시점은 화물이 창고에서 출발 할 때이며 종료 시점은 최종창고 안에서 하역을 완료한 때임,,X,X,10.0,9.0,1,,화물인도시 종료,,,,,,,,,,,
693,ABANK-0693,인스교재,09해상보험,해상보험조건과보상범위,선박보험,진위형,AD02,AD02,계선보험,계선보험은 충돌배상책임 보험금의 3/4만보상하며 P&I는 보험상품이 아니므로 보상하지 않는다,,X,X,10.0,9.0,1,,전액보상,,,,,,,,,,,
694,ABANK-0694,인스교재,09해상보험,해상보험조건과보상범위,부가위험,진위형,AD02,AD02,오염손해,"오염손해는 타화물 등과의 혼입 혹은 접촉으로 발생하는 외견 상의 더러움, 흡착, 등을 보상한다. 유류화물의 경우 해수나 담수의 혼합은 여기서 제외된다",,X,X,10.0,9.0,1,,해수 담수 혼합도 포함,,,,,,,,,,,
695,ABANK-0695,인스교재,09해상보험,해상보험조건과보상범위,법률적배경,진위형,AD02,AD02,선박건보보험담보기간,영국 협회건조보험약관에 따르면 건조자의 시운항이 종료된 날로부터 30일을 초과해서는 담보하지 않는다,O,O,O,10.0,9.0,1,,,,,,,,,,,,,
696,ABANK-0696,인스교재,09해상보험,해상보험조건과보상범위,P&I 보험,진위형,AD02,AD02,P&I 보험의 성질,"① /
② RDC는 선박보험에서 담보되지 않는 상대선박의 선원의 사상, 선체잔해제거, 유출된 유류오염에 대한 책임을 담보한다",,X,X,10.0,9.0,1,,P&I보험,,,,,,,,,,,
697,ABANK-0697,인스교재,09해상보험,계약의 체결과 보험료,적하보험,진위형,AD03,AD03,인코텀즈,"CIF, CIP, DAT, DAP, DDP조건일 경우 매수인이 보험을 가입한다",,X,X,10.0,10.0,0,,매도인이 가입,,,,,,,,,,,
698,ABANK-0698,인스교재,09해상보험,계약의 체결과 보험료,적하보험,진위형,AD03,AD03,인코텀즈,"CIF, CIP, DAT, DAP, DDP조건일 경우 매도인이 보험을 가입한다",O,O,O,10.0,10.0,0,,,,,,,,,,,,,
699,ABANK-0699,인스교재,09해상보험,계약의 체결과 보험료,적하보험,진위형,AD03,AD03,인코텀즈,"EXW, FCA,FAS, FOB, CPT,CFR은 매수인이 보험을 가입한다",O,O,O,10.0,10.0,0,,,,,,,,,,,,,
700,ABANK-0700,인스교재,09해상보험,계약의 체결과 보험료,적하보험,진위형,AD03,AD03,인코텀즈,"FOB, CFR, CIF는 동일하게 본선인도 조건이다",O,O,O,10.0,10.0,0,,,,,,,,,,,,,
701,ABANK-0701,인스교재,09해상보험,계약의 체결과 보험료,적하보험,진위형,AD03,AD03,인코텀즈,매도인이 화물이 선박에 적재될 때까지 책임을 부담하며 이후 시점에 대해서는 매수인이 위험을 부담하는 조건을 FOB(Free On Board)다,O,O,O,10.0,10.0,0,,,,,,,,,,,,,
702,ABANK-0702,인스교재,09해상보험,계약의 체결과 보험료,적하보험,진위형,AD03,AD03,인코텀즈,"EW, FCA,FAS, FOB, CPT,CFR은 매도인이 보험을 가입한다",,X,X,10.0,10.0,0,,,,,,,,,,,,,
703,ABANK-0703,인스교재,09해상보험,계약의 체결과 보험료,적하보험,진위형,AD03,AD03,운송계약 귀책사유,적하보험 운송계약에서 상업과실과 불감항은 운송인의 면책사유다,,X,X,10.0,10.0,0,,불감항은 귀책사유,,,,,,,,,,,
704,ABANK-0704,인스교재,09해상보험,계약의 체결과 보험료,적하보험,진위형,AD03,AD03,운송계약 귀책사유,상업과실은 화물의 선적 취급 정부 보관등 화물의 취급과실 사고를 말하며 이는 운송인 면책사유다,,X,X,10.0,10.0,0,,상업과실 귀책사유,,,,,,,,,,,
705,ABANK-0705,인스교재,09해상보험,계약의 체결과 보험료,적하보험,진위형,AD03,AD03,운송계약 귀책사유,불감항은 발항 당시 감항능력 주의의무를 위반한 것으로 운송인의 귀책사유다,O,O,O,10.0,10.0,0,,,,,,,,,,,,,
706,ABANK-0706,인스교재,09해상보험,계약의 체결과 보험료,적하보험,진위형,AD03,AD03,운송계약 귀책사유,"운송인면책사유는 항해과실, 선박화재, 불감항, 불가항력 등이다",,X,X,10.0,10.0,0,,불감항은 귀책사유,,,,,,,,,,,
707,ABANK-0707,인스교재,09해상보험,계약의 체결과 보험료,선박보험,진위형,AD03,AD03,용어정의,Classificatin(선급)이란 선급협회가 선박에 대하여 정밀검사를 실시하여 산정한 선박의 등급을 말한다,O,O,O,10.0,10.0,0,,,,,,,,,,,,,
708,ABANK-0708,인스교재,09해상보험,계약의 체결과 보험료,선박보험,진위형,AD03,AD03,용어정의,용선자(charterers)란 선박을 선주로부터 빌려 자기 혹은 타인을 위하여 화물을 운송하는 자를 말한다. 화주가 용선자와 일치한다,,X,X,10.0,10.0,0,,화주와 용선자 다름,,,,,,,,,,,
709,ABANK-0709,인스교재,09해상보험,계약의 체결과 보험료,선박보험,진위형,AD03,AD03,보험요율,판단요율이란 보험회사가 국내외 위험율 자료를 근거로 자체적으로 판단하여 산출하는 요율이다,O,O,O,10.0,10.0,0,,,,,,,,,,,,,
710,ABANK-0710,인스교재,09해상보험,계약의 체결과 보험료,선박보험,진위형,AD03,AD03,보험요율,통계요율이란 보험개발원이 제공하는 참조 순보험요율 또는 보험회사가 자체적으로 산출하는 경험통계 요율을 말한다,O,O,O,10.0,10.0,0,,,,,,,,,,,,,
711,ABANK-0711,인스교재,09해상보험,계약의 체결과 보험료,선박보험,진위형,AD03,AD03,보험요율,재보험자 혐의 요율은 국내외의 재보험자로 부터 제공받아 사용하는 요율로 구득요율이라고도 한다,O,O,O,10.0,10.0,0,,,,,,,,,,,,,
712,ABANK-0712,인스교재,09해상보험,계약의 체결과 보험료,선박보험,진위형,AD03,AD03,보험요율,판단요율이란 보험개발원이 제공하는 참조 순보험요율 또는 보험회사가 자체적으로 산출하는 경험통계 요율을 말한다,,X,X,10.0,10.0,0,,통계요율,,,,,,,,,,,
713,ABANK-0713,인스교재,09해상보험,계약의 체결과 보험료,선박보험,진위형,AD03,AD03,보험요율,"국내선박보험에 사용되는 요율에는 통계요율, 판단요율, 재보험자 협의요율, 할증요율 등이 있다",,X,X,10.0,10.0,0,,할증요율 아님,,,,,,,,,,,
714,ABANK-0714,인스교재,09해상보험,계약의 체결과 보험료,선박보험,진위형,AD03,AD03,보험요율,선박보험의 요율을 산출할 때 국내외의 재보험자로부터 제공받아 사용하는 요율을 협의요율이라고 한다,O,O,O,10.0,10.0,0,,,,,,,,,,,,,
715,ABANK-0715,인스교재,09해상보험,계약의 체결과 보험료,선박보험,진위형,AD03,AD03,보험요율,선박보험에서 국내외의 재보험자로 부터 제공받아 사용하는 요율로 협의요율 또는 구득요율이라고도 한다,O,O,O,10.0,10.0,0,,,,,,,,,,,,,
716,ABANK-0716,인스교재,09해상보험,계약의 체결과 보험료,선박보험,진위형,AD03,AD03,보험요율,"선박보험에서 유율 산출을 위해 필요한 자료는 선박명, 선급, 참고번호, 보험조건 등이다",,X,X,10.0,10.0,0,,참고번호 아님,,,,,,,,,,,
717,ABANK-0717,인스교재,09해상보험,계약의 체결과 보험료,선박보험,진위형,AD03,AD03,보험요율,"선박보험의 요율을 산출할 때 고려요소는 선종, 선급, 건조년도, 선장명 등이다",,X,X,10.0,10.0,0,,선장명 불필요,,,,,,,,,,,
718,ABANK-0718,인스교재,09해상보험,계약의 체결과 보험료,선박보험,진위형,AD03,AD03,보험계약변경,선박보험의 계약변경(해지포함) 처리절차는 보험계약의 체결절차와는 달리 좀더 세밀하게 이루어 진다,,X,X,10.0,10.0,0,,보험계약과 동일,,,,,,,,,,,
719,ABANK-0719,인스교재,09해상보험,계약의 체결과 보험료,적하보험,진위형,AD03,AD03,인코텀즈,"인코텀즈에서 매수인이 가입하는 보험은 CFR, CIF, CIP, CPT, CFR 등이다",,X,X,10.0,9.0,1,,"CFR, CPT은 매수인 가입",,,,,,,,,,,
720,ABANK-0720,인스교재,09해상보험,해상보험의손해사정,기초,진위형,AD04,AD04,근인판단기준,근인의 최근 추세는 시간적으로 가까운지 여부(in time)로 판단하는 것이다,,X,X,10.0,10.0,0,,효력으로 판단,,,,,,,,,,,
721,ABANK-0721,인스교재,09해상보험,해상보험의손해사정,기초,진위형,AD04,AD04,근인판단기준,근인 판단의 기준으로 예전에는 효과적인 측면을 강조하는 최유력조건설이 우세했지만 최근에는 시간을 기준으로 판단하는 최후조건설이 우세하다,,X,X,10.0,10.0,0,,최유력조건설,,,,,,,,,,,
722,ABANK-0722,인스교재,09해상보험,해상보험의손해사정,기초,진위형,AD04,AD04,열거위험 포괄위험,포괄위험보험은 보험료가 저렴하며 보험계약자가 필요한 위험만 선택하여 가입할 수 있다는 장점이있으나 보험을 가입할 당시에는 생각하지 못한 이례적인 손해에 대해서는 보험 보호를 받을 수 없다는 단점도 있다,,X,X,10.0,10.0,0,,열거위험,,,,,,,,,,,
723,ABANK-0723,인스교재,09해상보험,해상보험의손해사정,기초,진위형,AD04,AD04,열거위험 포괄위험,열거위험보험은 보험료가 저렴하며 보험계약자가 필요한 위험만 선택하여 가입할 수 있다는 장점이있으나 보험을 가입할 당시에는 생각하지 못한 이례적인 손해에 대해서는 보험 보호를 받을 수 없다는 단점도 있다,O,O,O,10.0,10.0,0,,,,,,,,,,,,,
724,ABANK-0724,인스교재,09해상보험,해상보험의손해사정,해상손해유형,진위형,AD04,AD04,전손의 종류 타협전손,타협전손은 법률상 근거가 없으므로 전적으로 보험자의 재량에 좌우된다,O,O,O,10.0,10.0,0,,,,,,,,,,,,,
725,ABANK-0725,인스교재,09해상보험,해상보험의손해사정,해상손해유형,진위형,AD04,AD04,전손의 종류 타협전손,"전손에는 현실전손, 추정전손, 타협전손이 있으며 타협전손은 보험자와 보험계약자의 협상결과물로서 법적근거를 갖는다",,X,X,10.0,10.0,0,,법적근거 없음,,,,,,,,,,,
726,ABANK-0726,인스교재,09해상보험,해상보험의손해사정,해상손해유형,진위형,AD04,AD04,현실전손과 추정전손,현실전손은 피보험자가 피보험이익으로 인하여 자기의 선박 또는 화물의 점유를 박탈당하고 이를 회복할 수 있는 가능성이 없는 경우를 말한다,,X,X,10.0,10.0,0,,추정전손설명,,,,,,,,,,,
727,ABANK-0727,인스교재,09해상보험,해상보험의손해사정,해상손해유형,진위형,AD04,AD04,현실전손과 추정전손,"추정전손에는 피보험이익으로 인하여 자기의 선박 또는 화물이 박탈당한 경우로서 물리적파괴, 종의변화, 회복 가망이 없는 박탈, 선박의 행방불명등이포함된다",,X,X,10.0,10.0,0,,현실전손,,,,,,,,,,,
728,ABANK-0728,인스교재,09해상보험,해상보험의손해사정,해상손해유형,진위형,AD04,AD04,현실전손과 추정전손,타협전손은 MIA 규정에 의하여 보장되는 권리로서 분쟁이 소송으로 가는 것을 방지하기위하여 보험자와 피보험자 사이에 상호 처리하는 제도다,,X,X,10.0,10.0,0,,법률미보장,,,,,,,,,,,
729,ABANK-0729,인스교재,09해상보험,해상보험의손해사정,해상손해유형,진위형,AD04,AD04,현실전손과 추정전손,추정전손이란 해상보험 특유의제도로 법률상 사실상의 전손은 아니지만 수리비가 보험목적물의보험가액을 초과하는등의 사유로 현실전손이 불가피한 것으로 생각되거나 그렇게 처리 하는 것이 합리적인 경우를 말한다,O,O,O,10.0,10.0,0,,,,,,,,,,,,,
730,ABANK-0730,인스교재,09해상보험,해상보험의손해사정,해상손해유형,진위형,AD04,AD04,현실전손과 추정전손,피보험자가 피보험이익으로 인하여 자기의 선박 또는 화물의 점유를 박탈당하고 이를 회복할 수 있는 가능성이 없는 경우에는 현실전손이 인정된다,,X,X,10.0,10.0,0,,추정전손 ,,,,,,,,,,,
731,ABANK-0731,인스교재,09해상보험,해상보험의손해사정,해상손해유형,진위형,AD04,AD04,위부와 대위,위부는 보험자는보험의목적에 대한 피보험자의 일체의 이익과 소유권을 포함한 모든 권리를 넘겨받는 제도이며 해상보험에만 있다,O,O,O,10.0,10.0,0,,,,,,,,,,,,,
732,ABANK-0732,인스교재,09해상보험,해상보험의손해사정,해상손해유형,진위형,AD04,AD04,위부와 대위,대위란 보험금을 지급한 보험자가 보험의 목적물 또는 제3자에 대한 피보험자의 권리를 넘겨받는 제도를 말한다,O,O,O,10.0,10.0,0,,,,,,,,,,,,,
733,ABANK-0733,인스교재,09해상보험,해상보험의손해사정,해상손해유형,진위형,AD04,AD04,위부와 대위,위부는 보험금을 지급한 이후 후속권리이며 대위는 보험금을 지급하기 위한 선행조건이다,,X,X,10.0,10.0,0,,위부가 선행조건,,,,,,,,,,,
734,ABANK-0734,인스교재,09해상보험,해상보험의손해사정,해상손해유형,진위형,AD04,AD04,위부와 대위,"대위는 피보험자의 선택권에 따라 행사되는 법률상 행위이나, 위부는 보험금 지급시 법률효과에 의하여 당연히발생하는 손해보험의 부수 원리이다",,X,X,10.0,10.0,0,,대위는 자동발생,,,,,,,,,,,
735,ABANK-0735,인스교재,09해상보험,해상보험의손해사정,해상손해유형,진위형,AD04,AD04,위부와 대위,위부는 피보험자의 통지와 보험자의 승낙이 필요하나 대위는 보험금 지급에 의하여 법률상 당연히 발생한다,O,O,O,10.0,10.0,0,,,,,,,,,,,,,
736,ABANK-0736,인스교재,09해상보험,해상보험의손해사정,해상손해유형,진위형,AD04,AD04,위부와 대위,위부는 보험목적에 대한 모든 이익이 보험자에게 귀속하지만 대위는 지급보험금을 한도로 귀속한다,O,O,O,10.0,10.0,0,,,,,,,,,,,,,
737,ABANK-0737,인스교재,09해상보험,해상보험의손해사정,해상손해유형,진위형,AD04,AD04,분선과 단독해손,단독해손은 공동해손이 아닌 분손으로 정의할 수 있다,O,O,O,10.0,10.0,0,,,,,,,,,,,,,
738,ABANK-0738,인스교재,09해상보험,해상보험의손해사정,해상손해유형,진위형,AD04,AD04,분선과 단독해손,"분손은 전손이 아닌 손해를 말하며 단독해손, 공동해손, 구조비용등을 포함하며 협의의 분손은 단독해손과 공동해손을 말한다",O,O,O,10.0,10.0,0,,,,,,,,,,,,,
739,ABANK-0739,인스교재,09해상보험,해상보험의손해사정,해상손해유형,진위형,AD04,AD04,분선과 단독해손,선박의 손상중 일부만 수리되었을 경우에는 피보험자는 수선 부분에 대하여 계산된 상당한 수리비와 미수선된 손상으로부터 발생한 상당한 감가액을 면책으로 한다,,X,X,10.0,10.0,0,,감가액 보상,,,,,,,,,,,
740,ABANK-0740,인스교재,09해상보험,해상보험의손해사정,해상손해유형,진위형,AD04,AD04,분선과 단독해손,선박의 손상중 일부만 수리되었을 경우에는 피보험자는 수선 부분에 대하여 계산된 상당한 수리비와 미수선된 손상으로부터 발생한 상당한 감가액을 보상받을 수 있다,O,O,O,10.0,10.0,0,,,,,,,,,,,,,
741,ABANK-0741,인스교재,09해상보험,해상보험의손해사정,해상손해유형,진위형,AD04,AD04,분손과 공동해손,공동해손은 분손에 속하며 단독해손을 제외한 분손으로 정의할 수 있다,O,O,O,10.0,10.0,0,,,,,,,,,,,,,
742,ABANK-0742,인스교재,09해상보험,해상보험의손해사정,해상손해유형,진위형,AD04,AD04,공동해손 성립요건,공동해손은 공동의 해상사업을 수행하면서 발생하여야 한다,O,O,O,10.0,10.0,0,,,,,,,,,,,,,
743,ABANK-0743,인스교재,09해상보험,해상보험의손해사정,해상손해유형,진위형,AD04,AD04,공동해손 성립요건,공동해손 성립요건은 공동의 안전을위하여 고의적이고 이례적이고 합리적으로 발생된 희생손해 혹은 비용손해가잇어야 한다,O,O,O,10.0,10.0,0,,,,,,,,,,,,,
744,ABANK-0744,인스교재,09해상보험,해상보험의손해사정,해상손해유형,진위형,AD04,AD04,공동해손 성립요건,공동해손은 희생이나 비용은 통상적(Ordinary)인 것이어야 하고 합리적(reasonable)행위에 의해 발생한 것이어야 한다,,X,X,10.0,10.0,0,,통상적이 아닌 이례적,,,,,,,,,,,
745,ABANK-0745,인스교재,09해상보험,해상보험의손해사정,해상손해유형,진위형,AD04,AD04,선박충돌배상책임손해,충돌배상책임의 보험금은 1회 충돌사고당 협정보험가액의 3/4에 해당하는 금액이다,O,O,O,10.0,10.0,0,,,,,,,,,,,,,
746,ABANK-0746,인스교재,09해상보험,해상보험의손해사정,해상손해유형,진위형,AD04,AD04,선박충돌배상책임손해,선박충돌 배상책임을 담보하는 약관을 실무에서는 RDC(Running dwn clause) 혹은 1/4충돌배상책임 약관이라고 한다,,X,X,10.0,10.0,0,,3/4충돌배상책임약관,,,,,,,,,,,
747,ABANK-0747,인스교재,09해상보험,해상보험의손해사정,해상손해유형,진위형,AD04,AD04,선박충돌배상책임손해,선박충돌 배상책임을 담보는 동일 소유자가 보유한 자매선 혹은 동일 운행자에 의해 관리되고 있는 선박도 보상받을 수 있다,,X,X,10.0,10.0,0,,자매선 약관 첨부시,,,,,,,,,,,
748,ABANK-0748,인스교재,09해상보험,해상보험의손해사정,해상보험사고처리,진위형,AD04,AD04,사고통지의무 위반의 효과,선박보험에서 사고발생 통지의무를 위반하였다면 확정된 보험금에서 15%가 공제된다,O,O,O,10.0,10.0,0,,,,,,,,,,,,,
749,ABANK-0749,인스교재,09해상보험,해상보험의손해사정,해상보험사고처리,진위형,AD04,AD04,사고통지의무 위반의 효과,선박보험에서 사고발생 통지의무를 위반하였다면 확정된 보험금에서 25%가 공제된다,,X,X,10.0,10.0,0,,,,,,,,,,,,,
750,ABANK-0750,인스교재,09해상보험,해상보험의손해사정,해상보험사고처리,진위형,AD04,AD04,사고처리 절차,"해상보험사고 처리에서 Note of protest(해난보고서)는 공동해손 정산에만 사용되며, 보험금 청구 입증서류로는 사용할 수 없다",,X,X,10.0,10.0,0,,입증서류로 사용가능,,,,,,,,,,,
751,ABANK-0751,인스교재,09해상보험,해상보험의손해사정,해상보험사고처리,진위형,AD04,AD04,사고처리 절차,해외에서 사고가 발생한 경우 가장 가까운 로이즈 대리점에 사고를 통지해야 하며 만약 통지의무를 위반하였다면 확정된 보험금에서 10%가 공제된다,O,O,O,10.0,10.0,0,,,,,,,,,,,,,
752,ABANK-0752,인스교재,09해상보험,해상보험의손해사정,해상보험사고처리,진위형,AD04,AD04,사고처리 절차,해상보험 사고처리 시 피보험자가 손해검정을 하기 전에 사고통지가 먼저 보험회사에 이루어져야 한다,O,O,O,10.0,10.0,0,,,,,,,,,,,,,
753,ABANK-0753,인스교재,09해상보험,해상보험의손해사정,해상보험사고처리,진위형,AD04,AD04,보험금지급방식,특례지급(withut prejudice settlement)란 고객과의 관계 등을 고려하여 보험금 지급사유가 아님에도 보험자가 관련 보험금을 지급하는 것을 말한다,O,O,O,10.0,10.0,0,,,,,,,,,,,,,
754,ABANK-0754,인스교재,09해상보험,해상보험의손해사정,해상보험사고처리,진위형,AD04,AD04,보험금지급방식,특례지불(e-gratia payment)란 고객과의 관계 등을 고려하여 보험금 지급사유가 아님에도 보험자가 관련 보험금을 지급하는 것을 말한다,,X,X,10.0,10.0,0,,특례지급,,,,,,,,,,,
755,ABANK-0755,인스교재,09해상보험,해상보험의손해사정,해상보험사고처리,진위형,AD04,AD04,보험금지급방식,타협정산(compromised settlement)란 고객과의 관계 등을 고려하여 보험금 지급사유가 아님에도 보험자가 관련 보험금을 지급하는 것을 말한다,,X,X,10.0,10.0,0,,특례지급,,,,,,,,,,,
756,ABANK-0756,인스교재,09해상보험,해상보험의손해사정,해상보험사고처리,진위형,AD04,AD04,구조비용,구조는 계약과 관계없이 제3자에 의하여 임의로 수행되는 계약구조와 계약에 의하여 일정한 보수를 받고 수행되는 순수구조가 있다,,X,X,10.0,10.0,0,,3자순수계약계약구조,,,,,,,,,,,
757,ABANK-0757,인스교재,09해상보험,해상보험의손해사정,해상보험사고처리,진위형,AD04,AD04,구조비용,구조는 계약과 관계없이 제3자에 의하여 임의로 수행되는 순수구조와 계약에 의하여 일정한 보수를 받고 수행되는 계약구조가 있다,O,O,O,10.0,10.0,0,,,,,,,,,,,,,
758,ABANK-0758,인스교재,09해상보험,해상보험의손해사정,해상보험사고처리,진위형,AD04,AD04,구조비용,구조비용은 보험계약과는 관계없이 존재하는 것으로 해난 구조를 시행한 구조자가 보상받을 수 있는 비용을 말한다,O,O,O,10.0,10.0,0,,,,,,,,,,,,,
759,ABANK-0759,인스교재,09해상보험,해상보험의손해사정,해상보험사고처리,진위형,AD04,AD04,구조비용,"로이즈표준구조 계약서는 NO cure, NO pay의 원칙을 적용하므로 구조가 이루어지지 않았다면 구조비도 지급하지 않는다. 단 유조선의 구조계액에 대해서는 구조에 실패해도 특별보상금을 지급한다",O,O,O,10.0,10.0,0,,,,,,,,,,,,,
760,ABANK-0760,인스교재,09해상보험,해상보험의손해사정,해상보험사고처리,진위형,AD04,AD04,해상보험실무규칙,해상보험 실무규칙에 따르면 해손(Average)는 전손을 의미한다,,X,X,10.0,10.0,0,,Average는 분손의미함,,,,,,,,,,,
761,ABANK-0761,인스교재,09해상보험,해상보험의손해사정,해상손해유형,진위형,AD04,AD04,선박충돌배상책임손해,충돌배상책임 약관은 선박의 충돌로 인하여 상대 선박에 대하여 부담하는 법률상 손해배상책임을 보상하며 보험증권에 첨가되는 별개의 추가계약이다,O,O,O,10.0,9.0,1,,,,,,,,,,,,,
762,ABANK-0762,인스교재,09해상보험,해상보험의손해사정,해상손해유형,진위형,AD04,AD04,선박충돌배상책임손해,선박충돌은 perils of the seas(해상 고유의 위험)에 해당하며 선박충돌 배상약관에 의해 보상을 받는다,O,O,O,10.0,9.0,1,,,,,,,,,,,,,
763,ABANK-0763,인스교재,09해상보험,해상보험의손해사정,해상손해유형,진위형,AD04,AD04,분선과 단독해손,단독해손은 공동해손을 제외한 분손으로서 공동해손과 구조비용이 아닌 단독비용을 포함한다,,X,X,10.0,9.0,1,,단독비용 미포함,,,,,,,,,,,
764,ABANK-0764,인스교재,09해상보험,해상보험의손해사정,해상손해유형,진위형,AD04,AD04,현실전손과 추정전손,"현실전손에는 물리적파괴, 종의변화, 회복 가망이 없는박탈, 선박의 행방불명 등이 포함된다",O,O,O,10.0,8.0,2,,선박행방불명도현실전손,,,,,,,,,,,
765,ABANK-0765,인스교재,09해상보험,해상보험의손해사정,해상손해유형,진위형,AD04,AD04,위부와 대위,위부란 보험금을 지급한 보험자가 보험의 목적물 또는 제3자에 대한 피보험자의 권리를 넘겨받는 제도를 말한다,X,O,X,10.0,7.0,3,,대위에 대한 설명,집중력,,,,,,,,,,
766,ABANK-0766,인스교재,09해상보험,해상보험의손해사정,해상손해유형,진위형,AD04,AD04,분선과 단독해손,선박에서 단독해손이 발생하여 수리하는 경우 보험자가 지급하는 금액은 보험증권에 달리 명시규정이 없는단 합리적인 수리비에서 관습상 공제를 차감한 비용이다,O,O,O,10.0,8.0,2,,관습유효,제대로 몰랐음,,,,,,,,,,
767,ABANK-0767,인스교재,09해상보험,해상보험의손해사정,해상손해유형,진위형,AD04,AD04,선박충돌배상책임손해,충돌배상책임 약관을 첨부하면 협정보험가액에 해당하는 금액을 1회 충돌사고당 보상받을 수 있다,X,O,X,10.0,8.0,2,,3/4보상,,,,,,,,,,,
768,ABANK-0768,인스교재,09해상보험,해상보험의손해사정,해상보험사고처리,진위형,AD04,AD04,사고통지의무 위반의 효과,사고발생시 피보험자는 손해검정을 실시 후 보험회사에 사고통지를 하여야 한다. 가까운 로이즈 대리점에 사고 통지를 한다,X,O,X,10.0,8.0,2,,사고통지후 손해검정,착각 집중력,,,,,,,,,,
769,ABANK-0769,인스교재,09해상보험,해상보험의손해사정,해상보험사고처리,진위형,AD04,AD04,해상보험실무규칙,보통 해상보험 약관에서 영국의 법률과 관습에 따른다라고 할 때 관습은 AAA가 제정한 실무규칙을 의미한다,X,O,X,10.0,8.0,2,,,망각,,,,,,,,,,
770,ABANK-0770,인스교재,09해상보험,해상보험의손해사정,기초,진위형,AD04,AD04,열거위험 포괄위험,해상보험 약관을 열거위험 방식과 포괄위험 방식으로 구분시 ITC-HULL은 포괄위험 방식에 속한다,,X,X,10.0,9.0,1,,ITC-HULL 열거위험,,,,,,,,,,,
771,ABANK-0771,인스교재,09해상보험,해상보험의손해사정,기초,진위형,AD04,AD04,근인판단기준,연속된 원인 중 가장 효력이 큰 것을 근인으로 하는 것은 최강조건설이다,,X,X,10.0,9.0,1,,최유력조건설,망각,,,,,,,,,,
772,ABANK-0772,인스교재,09해상보험,해상보험의손해사정,기초,진위형,AD04,AD04,근인판단기준,근인은 손해와 가장 가까운 건을 의미하며 최근에는 효과적 측면에서 가까운지 여부(in efficiency)를 중요시 하는 최유력조건설로 판별한다,O,O,O,10.0,8.0,2,,,착각,,,,,,,,,,
1130,ABANK-1130,중개사시험,09해상보험,적하보험,RCP,진위형,BD02,AD02,용어정의,보험증권의 해석에 관한 규칙(RCP)의 용어 설명 중 그 밖의 일체의 위험(all other perils)은 면책위험 이외의 모든 위험을 말한다.,O,X,X,,,0,,체크,,,,,,,,,,,
1131,ABANK-1131,중개사시험,09해상보험,적하보험,RCP,진위형,BD02,AD02,용어정의,보험증권의 해석에 관한 규칙(RCP)의 용어 설명 중 공동해손이 아닌 해손(average unless general)은 단독비용을 포함하지 않는다.,X,X,O,,,0,,,,,,,,,,,,,
1132,ABANK-1132,중개사시험,09해상보험,적하보험,RCP,진위형,BD02,AD02,용어정의,보험증권의 해석에 관한 규칙(RCP)의 용어 설명 중 해상고유의 위험(perils of the seas)에는 바람과 파도의 통상적인 작용은 포함하지 않는다.,O,O,O,,,0,,,,,,,,,,,,,
1133,ABANK-1133,중개사시험,09해상보험,적하보험,RCP,진위형,BD02,AD02,용어정의,보험증권의 해석에 관한 규칙(RCP)의 용어 설명 중 해적(pirates)은 폭동을 일으킨 승객을 포함한다,O,O,O,,,0,,,,,,,,,,,,,
1134,ABANK-1134,중개사시험,09해상보험,적하보험,ICC,진위형,BD02,AD02,담보조건,"① 009년 협회적하약관의 운송조항(Transit Clause)에서 보험이 개시되는 시점은
② 운송을 위하여 포장 할 때
③ 운송개시를 위하여 최초로 이동할 때
④ 운송선에 선적을 개시할 때",2,X,X,,,0,,2) 운송개시를 위한 이동시,,,,,,,,,,,
1135,ABANK-1135,중개사시험,09해상보험,운송보험,ICC 약관,진위형,BD02,AD02,운송조항,① 009년 협회적하약관의 운송조항(Transit Clause)에서 보험이 개시되는 시점은 운송개시를 위하여 최초로 이동할 때 다,O,O,O,,,0,,,,,,,,,,,,,
1136,ABANK-1136,중개사시험,09해상보험,운송보험,ICC 약관,진위형,BD02,AD02,운송조항,① 009년 협회적하약관의 운송조항(Transit Clause)에서 보험이 개시되는 시점은 운송선에 선적을 개시할 때,X,O,X,,,0,,최초이동시,,,,,,,,,,,
1137,ABANK-1137,중개사시험,09해상보험,적하보험,ICC 약관,진위형,BD02,AD02,ICC(A),ICC(A) 조건에서 습기와 열에 의한 손해(Sweat &Heating Damage)를 담보하지 않으므로 별도의 특별약관을 통하여 보상받을 수 있다.,X,O,X,,,0,,A에서 보상,,,,,,,,,,,
1138,ABANK-1138,중개사시험,09해상보험,적하보험,ICC,진위형,BD02,AD02,담보조건,"ICC(A) 조건에서만 담보되고 ICC(B)와 ICC(C) 조건에서는 담보되지 않는 위험은
① 육상운송용구의 전복 또는 탈선(overturning or derailment of land conveyance)
② 도난, 발하, 불착손(theft, pilferage and non-delivery)
③ 피난항에서의 화물의 하역(discharge of cargo at aport of distress)
④ 화재 또는 폭발(fire or explosion)다",2,X,X,,,0,,2)만 해당,,,,,,,,,,,
1139,ABANK-1139,중개사시험,09해상보험,적하보험,약관,진위형,BD02,AD02,ICC약관,ICC(A)조건인 경우에 면책위험에 기인된 항해중단의 경우라도 목적지까지의 계반비용(ForwardingCharge)은 보상된다.,O,X,X,,,0,,계반비용 미포함,,,,,,,,,,,
1140,ABANK-1140,중개사시험,09해상보험,적하보험,종기,진위형,BD02,AD02,적하보험 위험의 종기,"다음 중 신협회적하보험약관(ICC, 1982)에서 규정하고 있는 적하보험 위험의 종기는 외항선으로부터 피보험화물이 하역된 후 최종목적지가 변경된 경우 그러한 변경의사가 결정된 때다",O,X,X,,,0,,,,,,,,,,,,,
1141,ABANK-1141,중개사시험,09해상보험,적하보험,종기,진위형,BD02,AD02,적하보험 위험의 종기,"다음 중 신협회적하보험약관(ICC, 1982)에서 규정하고 있는 적하보험 위험의 종기는 최종 양하항에서 외항선으로 피보험화물이 양하된 후 30일 경과할 때",O,X,X,,,0,,체크,,,,,,,,,,,
1142,ABANK-1142,중개사시험,09해상보험,적하보험,종기,진위형,BD02,AD02,적하보험 위험의 종기,"다음 중 신협회적하보험약관(ICC, 1982)에서 규정하고 있는 적하보험 위험의 종기는 운송계약이 중간항에서 종료된 경우 그 중간항에서 피보험화물이 본선으로부터 하역된 때다",O,X,X,,,0,,체크,,,,,,,,,,,
1143,ABANK-1143,중개사시험,09해상보험,적하보험,종기,진위형,BD02,AD02,적하보험 위험의 종기,"다음 중 신협회적하보험약관(ICC, 1982)에서 규정하고 있는 적하보험 위험의 종기는 화물의 최종 목적지에 도착하기 이전 화물의 분배를 위하여 보관장소에 인도된 때다",X,X,O,,,0,,,,,,,,,,,,,
1144,ABANK-1144,중개사시험,09해상보험,적하보험,ICC 약관,진위형,BD02,AD02,부가위험,"도난, 발하, 불착손(theft, pilferage and non-delivery :TPND) 은 ICC(A) 조건에서만 담보되고 ICC(B)와 ICC(C) 조건에서는 담보되지 않는 위험이다",O,O,O,,,0,,,,,,,,,,,,,
1145,ABANK-1145,중개사시험,09해상보험,적하보험,RCP,진위형,BD02,AD02,용어정의,보험증권의 해석에 관한 규칙(RCP)의 용어 설명 중 공동해손이 아닌 해손(average unless general)은 단독비용을 포함하지 않는다.,X,O,X,,,0,,단독비용 포함,,,,,,,,,,,
1146,ABANK-1146,중개사시험,09해상보험,적하보험,RCP,진위형,BD02,AD02,용어정의,"보험증권의 해석에 관한 규칙(RCP)의 용어 설명 중
① 해적(pirates)은 폭동을 일으킨 승객을 포함한다
② 해상고유의 위험(perils of the seas)에는 바람과 파도의 통상적인 작용은 포함하지 않는다.
③ 그 밖의 일체의 위험(all other perils)은 면책위험 이외의 모든 위험을 말한다.",X,X,O,,,0,,,,,,,,,,,,,
1147,ABANK-1147,중개사시험,09해상보험,적하보험,ICC,진위형,BD02,AD02,담보조건,악천후로 인한 화물의 전손은 ICC(B) 조건에서는 보상이 가능하나 ICC(FPA) 조건에서는 보상이 되지 않는 손해다,O,O,O,,,0,,,,,,,,,,,,,
1148,ABANK-1148,중개사시험,09해상보험,선박보험,협회기관약관,진위형,BD02,AD02,전쟁약관,협회 전쟁 및 동맹파업약관[Institute War & Strikes Clauses(Hulls-Time)]에 따르면 미국과 이탈리아 간의 전쟁발생으로 발생한 손해는 약관상 보상되지 아니한다.,O,X,X,,,0,,보상함,,,,,,,,,,,
1149,ABANK-1149,중개사시험,09해상보험,선박보험,협회기관약관,진위형,BD02,AD02,전쟁약관,협회 전쟁 및 동맹파업약관[Institute War & Strikes Clauses(Hulls-Time)]에 따르면 해상에서 해적(Piracy)의 공격에 의한 선체 손상은 약관상 담보된다.,X,O,X,,,0,,미담보,,,,,,,,,,,
1150,ABANK-1150,중개사시험,09해상보험,선박보험,협회기관약관,진위형,BD02,AD02,전쟁약관,"협회 전쟁 및 동맹파업약관[Institute War & Strikes Clauses(Hulls-Time)]에 따르면 포획, 나포 등으로 연속된 12개월 이상 선박의 사용권과 처분권을 상실한 경우 약관상 추정전손으로 처리된다.",O,O,O,,,0,,,,,,,,,,,,,
1151,ABANK-1151,중개사시험,09해상보험,선박보험,특별약관,진위형,BD02,AD02,특별약관,"협회 전쟁 및 동맹파업약관[Institute War & Strikes Clauses(Hulls-Time)]의 내용에 따르면 포획, 나포 등으로 연속된 12개월 이상 선박의 사용권과 처분권을 상실한 경우 약관상 추정전손으로 처리된다.",O,O,O,,,0,,,,,,,,,,,,,
1152,ABANK-1152,중개사시험,09해상보험,선박보험,특별약관,진위형,BD02,AD02,특별약관,협회 전쟁 및 동맹파업약관[Institute War & Strikes Clauses(Hulls-Time)]의 내용에 따르면 피보험 선박에 대한 적대적 의도가 없었던 경우에 한하여 핵폭탄의 폭발에 의한 선체 손상은 약관상 담보된다.,X,O,X,,,0,,면책,,,,,,,,,,,
1153,ABANK-1153,중개사시험,09해상보험,선박보험,특별약관,진위형,BD02,AD02,특별약관,협회 전쟁 및 동맹파업약관[Institute War & Strikes Clauses(Hulls-Time)]의 내용에 따르면 해상에서 해적(Piracy)의 공격에 의한 선체 손상은 약관상 담보된다.,X,O,X,,,0,,면책,,,,,,,,,,,
1154,ABANK-1154,중개사시험,09해상보험,선박보험,협회기관약관,진위형,BD02,AD02,미수리손상,"협회기간약관-선박(ITC-Hulls 1983) 제18조 미수리손상 (Unrepaired Damage)에 따르면
① 미수리손상의 보상액은 합리적인 수리비를 초과하지 아니한다.
② 미수리손상이 발생한 사고 이후에 이 보험기간 중 또는 그 연장기간 중에 전손이 발생하면 미수리손상은 보상 하지 아니한다",X,X,O,,,0,,,,,,,,,,,,,
1155,ABANK-1155,중개사시험,09해상보험,선박보험,협회기관약관,진위형,BD02,AD02,미수리손상,협회기간약관-선박(ITC-Hulls 1983) 제18조 미수리손상 (Unrepaired Damage)에 따르면 보험자는 미수리손상에 대하여 이 보험종료시점에서의 보험가액을 초과하더라도 보상해야한다,X,O,X,,,0,,미보상,,,,,,,,,,,
1156,ABANK-1156,중개사시험,09해상보험,선박보험,협회기관약관,진위형,BD02,AD02,미수리손상,협회기간약관-선박(ITC-Hulls 1983) 제18조 미수리손상 (Unrepaired Damage)의 내용에 따르면 미수리손상이 발생한 사고 이후에 이 보험기간 중 또는 그 연장기간 중에 전손이 발생하면 미수리손상은 보상 하지 아니한다.,X,X,O,,,0,,,,,,,,,,,,,
1157,ABANK-1157,중개사시험,09해상보험,선박보험,협회기관약관,진위형,BD02,AD02,미수리손상,협회기간약관-선박(ITC-Hulls 1983) 제18조 미수리손상 (Unrepaired Damage)의 내용에 따르면 보험자는 미수리손상에 대하여 이 보험종료시점에서의 보험가액을 초과하더라도 보상해야한다.,X,O,X,,,0,,미보상,,,,,,,,,,,
1158,ABANK-1158,중개사시험,09해상보험,선박보험,협회기관약관,진위형,BD02,AD02,미수리손상,협회기간약관-선박(ITC-Hulls 1983) 제18조 미수리손상 (Unrepaired Damage)의 내용에 따르면 미수리손상의 보상액은 그러한 미수리손상으로 인한 이 보험종료시점에서의 선박 시장가액의 합리적인 감가액으로 한다.,O,O,O,,,0,,,,,,,,,,,,,
1159,ABANK-1159,중개사시험,09해상보험,선박보험,ITC HULL,진위형,BD02,AD02,선박충돌배상 ,"① 983년 협회기간약관-선박(ITC-Hulls) 제8조 선박충돌배상 책임(3/4ths Collision Liability) 조항에서 보상하는 손해는
② 피보험선박에 적재된 적하손상에 대한 보상도 포함 된다.
③ 충돌 상대선에 적재된 승객이나 승무원의 소지품 손상에 대한 보상도 포함된다.
④ 난파선 등의 제거 또는 처분비용은 충돌배상책임조항에 의하여 보상되지 않는다.",O,X,X,,,0,,1)X,,,,,,,,,,,
1160,ABANK-1160,중개사시험,09해상보험,선박보험,햡회약관,진위형,BD02,AD02,선박특별약관,"① 983년 협회기간약관-선박(ITC-Hulls)에 첨부하여 사용하는 특별약관인 협회추가위험약관-선박(Institute Additional Perils Clause-Hulls)에서 보상하는 손해는
② 파열된 기관의 수리 또는 교체비용
③ 선박의 멸실 또는 손상을 야기시키지 않은 결함부분의 대체비용
④ 여하한 관계인의 과오, 무능력 또는 판단착오에 의해 야기된 선박의 멸실 또는 손상",X,O,X,,,0,,2)X,,,,,,,,,,,
1161,ABANK-1161,중개사시험,09해상보험,선박보험,협회기관약관,진위형,BD02,AD02,전쟁약관,① 983년 협회전쟁 및 동맹파업약관[Institute War & Strikes Clauses(Hulls-Time)] 제5조 종료조항(Termination) 제1항은 “이 보험은 보험자 또는 피보험자의 어느 일방이 10일 전에 통지함으로써 해지할 수 있다”라고 규정하고 있다,O,X,X,,,0,,7일,,,,,,,,,,,
1162,ABANK-1162,중개사시험,09해상보험,적하보험,약관,진위형,BD02,AD02,ICC약관,"ICC 1982약관에서 포기약관(Waiver Clause)은 보험의 목적을 구조하고 보호하거나, 회복할 목적으로 피보험자나 보험자에 의해 취해진 조치는 위부의 포기나 승낙으로 간주되지 않는다는 규정이다.",O,O,O,,,0,,,,,,,,,,,,,
1163,ABANK-1163,중개사시험,09해상보험,적하보험,약관,진위형,BD02,AD02,ICC약관,ICC 1982약관에서 보험이익불공여약관(Not to Inure Clause)은 보험이 운송인 및 기타의 수탁자에게 유리하게 이용되어서는 안된다는 규정이다.,O,O,O,,,0,,,,,,,,,,,,,
1164,ABANK-1164,중개사시험,09해상보험,적하보험,인코텀즈,진위형,BD02,AD02,EXW,Incoterms(2010) 상의 무역거래조건 중에서 매도인의 공장창고 또는 보관장소에서 화물의 운송을 개시할 때 매수인에게 위험이 이전되는 것은 EWX다,O,O,O,,,0,,,,,,,,,,,,,
1165,ABANK-1165,중개사시험,09해상보험,적하보험,인코텀즈,진위형,BD02,AD02,EXW,Incoterms(2010) 상의 무역거래조건 중에서 매도인의 공장창고 또는 보관장소에서 화물의 운송을 개시할 때 매수인에게 위험이 이전되는 것은 FAS 다,X,O,X,,,0,,EXW,,,,,,,,,,,
1166,ABANK-1166,중개사시험,09해상보험,적하보험,인코텀즈,진위형,BD02,AD02,책임소재,Incoterms(2020)상의 무역거래조건 중 당사자간 별도의 합의가 없을 경우 매도인이 적하보험에 가입해야 하는 조건은 CIP다,O,O,O,,,0,,,,,,,,,,,,,
1167,ABANK-1167,중개사시험,09해상보험,적하보험,인코텀즈,진위형,BD02,AD02,개념,"Incoterms(2020)상의 무역거래조건 중 해상운송 과정의 위험에 대한 적하보험을 매수인이 가입해야 하는 조건은
① FOB
② CIP
③ DPU
④ FAS다",X,O,X,,,0,,CIP만,,,,,,,,,,,
1168,ABANK-1168,중개사시험,09해상보험,적하보험,특별약관,진위형,BD02,AD02,Rejection Clause,Rejection Clause 은 수입통관거부 위험을 담보하는 특별약관 이다,X,O,X,,,0,,,,,,,,,,,,,
1169,ABANK-1169,중개사시험,09해상보험,적하보험,ICC 약관,진위형,BD02,AD02,부가위험,"RFWD(우담수손 : Rain and or Fresh water damage)는 빗물이나 담수에 의한 손해에 대한 부가위험으로서 ICC(B), ICC(C)에서는 보상하지 않는다",,X,O,,,0,,,,,,,,,,,,,
1170,ABANK-1170,중개사시험,09해상보험,적하보험,공동해손,진위형,BD02,AD02,해손관련협약,"공동해손과 관련있는 협약은
① 헤이그 비스비 규칙(Hague-Visby Rules)
② 요크 앤트워프 규칙(York-Antwerp Rules)
③ 공동해손 맹약서(Lloyd’s Average Bond)
④ 비분리 협정서(Non-separation Agreement)",,X,X,,,0,,1) x,,,,,,,,,,,
1171,ABANK-1171,중개사시험,09해상보험,적하보험,ICC 약관,진위형,BD02,AD02,ICC(A),"다음 중 ICC(A) 조건에서만 담보되고 ICC(B)와 ICC(C) 조건에서는 담보되지 않는 위험은
① 도난, 발하, 불착손(theft, pilferage and non-delivery)
② 피난항에서의 화물의 하역(discharge of cargo at aport of distress)
③ 육상운송용구의 전복 또는 탈선(overturning or derailment of land conveyance)",,X,X,,,0,,1)제외,,,,,,,,,,,
1172,ABANK-1172,중개사시험,09해상보험,적하보험,ICC 약관,진위형,BD02,AD02,운송조항,"다음 중 ICC(B) 조건에서는 보상이 가능하나 ICC(FPA) 조건에서는 보상이 되지 않는 손해는
① 도난으로 인한 화물의 전손
② 선적 하역장업 중의 포장의 전손
③ 악천후로 인한 화물의 전손
④ 지진으로 인한 화물의 전손이다",,X,X,,,0,,4)지진은 A에서,,,,,,,,,,,
1173,ABANK-1173,중개사시험,09해상보험,적하보험,ICC(C)약관,진위형,BD02,AD02,보상하는 손해,"다음 중 ICC(C) 약관에서 담보되는 위험은
① 공동해손희생손해
② 육상 운송용구의 탈선 또는 전복
③ 지진, 화산의 분출, 낙뢰
④ 선박의 좌초, 침몰, 전복 이다",,X,X,,,0,,지진제외,,,,,,,,,,,
1174,ABANK-1174,중개사시험,09해상보험,선박보험,특별약관,진위형,BD02,AD02,특별약관,"다음 중 ICC(FPA) 조건에서 보상 되는 것은
① 강도로 인한 적하의 전손
② 폭발(Explosion)로 인한 적하의 단독해손
③ 투하(Jettison)로 인한 적하의 단독해손
④ 좌초(Stranding)로 인한 적하의 단독해손 이다",,X,X,,,0,,3)X,,,,,,,,,,,
1175,ABANK-1175,중개사시험,09해상보험,적하보험,ICC약관,진위형,BD02,AD02,,"다음 중 ICC(FPA) 조건과 ICC(C)조건에서 모두 담보되는 것은
① 공동해손 화물 분담금
② 본선의 화재로 인한 화물의 일부 손해
③ 피난항에서 하역 중 화물의 일부 손해다",,X,O,,,0,,,,,,,,,,,,,
1176,ABANK-1176,중개사시험,09해상보험,적하보험,ICC약관,진위형,BD02,AD02,ICC C 약관,"다음 중 ICC(FPA) 조건에서는 담보되나 ICC(C)조건에 서는 담보되지 않는 것은
① 공동해손 화물 분담금
② 본선의 화재로 인한 화물의 일부 손해
③ 피난항에서 하역 중 화물의 일부 손해
④ 항해 중 악천후로 인한 화물의 전부 손해다",,X,X,,,0,,악천후 제외,,,,,,,,,,,
1177,ABANK-1177,중개사시험,09해상보험,선박보험,협회기관약관,진위형,BD02,AD02,보상하는 손해,"다음 중 ITC-Hulls, Total Loss Only(Including Salvage, Salvage Charges and Sue and Labour) - 1/10/1983 조건으로 체결된 선박보험계약에서 보험자가 보상하는 손해는
① 구조료
② 공동해손
③ 단독해손
④ 충돌배상금이다",,X,X,,,0,,구조비만 보상,,,,,,,,,,,
1178,ABANK-1178,중개사시험,09해상보험,적하보험,공동해손,진위형,BD02,AD02,희생손 ,"다음 중 York-Antwerp Rules 1994(YAR, 1994)에 따른 공동해손 비용 또는 희생손해로 인정될 수 있는 것은
① 선박의 화재를 소화함에 따른 화물의 손해
② 피난항에서 선박이 계속적인 항해를 위해 수선이 필요한 경우에 그 수리기간 동안 지불된 선원의 급료와 부양비
③ 피난항에서 항해의 계속적인 수행에 필요한 선박수리를 위해 필요한 하역작업 중에 발생한 화물의손해다",,X,O,,,0,,,,,,,,,,,,,
1179,ABANK-1179,중개사시험,09해상보험,적하보험,공동해손,진위형,BD02,AD02,희생손 ,"다음 중 York-Antwerp Rules 1994(YAR, 1994)에 따른 공동해손 비용 또는 희생손해로 인정될 수 있는 것은
① 선박의 화재를 소화함에 따른 화물의 손해
② 피난항에서 선박이 계속적인 항해를 위해 수선이 필요한 경우에 그 수리기간 동안 지불된 선원의급료와 부양비
③ 항해중 악천후를 피하기 위한 선박기관의 과도사용에 의한 손해
④ 피난항에서 항해의 계속적인 수행에 필요한 선박수리를 위해 필요한 하역작업 중에 발생한 화물의손해다",,X,X,,,0,,3)X,,,,,,,,,,,
1180,ABANK-1180,중개사시험,09해상보험,적하보험,인코텀즈,진위형,BD02,AD02,공동해손 제출서류,"다음 중 공동해손선포와 관련하여 적하 이해관계자가 공동해손 정산인에게 제출해야 할 서류는
① stowage plan
② Lloyd's Average Bond
③ Average Guarantee
④ Commercial Invoice다",,X,X,,,0,,1)제외,,,,,,,,,,,
1181,ABANK-1181,중개사시험,09해상보험,적하보험,약관,진위형,BD02,AD02,ICC약관,"다음 중 신협회적하보험약관(ICC, 1982)의 (B)조건에서는 담보되고,(C)조건에서는 담보되지 않는 위험은
① 지진, 분화, 낙뢰
② 투하
③ 갑판유실
④ 선박 또는 보관장소에 해수 , 호수 또는 강물의 유입이다",,X,X,,,0,,투하제외,,,,,,,,,,,
1182,ABANK-1182,중개사시험,09해상보험,적하보험,ICC 약관,진위형,BD02,AD02,ICC(C),"다음 중 신협회적하보험약관(ICC, 1982)의 담보 내용 중 ICC(C) 조건에서 본선, 부선으로의 하역작업 중 바다에 떨어지거나 갑판에 추락한 매 포장당 전손을 담보한다.",,X,X,,,0,,ICC(B)지갑유포,,,,,,,,,,,
1183,ABANK-1183,중개사시험,09해상보험,운송보험,해상운송,진위형,BD02,AD02,종료사유,"다음 중 우리 상법상 해상운송계약의 종료 사유는
① 선박이 침몰한 때
② 선박이 손상을 입어 그 수선비가 선박 가액의 3분의 2에 달할 때
③ 선박이 포획된 때
④ 운송물이 불가항력으로 인하여 멸실된 때 다",,X,X,,,0,,2)X,,,,,,,,,,,
1184,ABANK-1184,중개사시험,09해상보험,운송보험,상법,진위형,BD02,AD02,종료사유,"다음 중 우리 상법상 해상운송계약의 종료사유에 해당되지 것은
① 선박이 침몰한 때
② 선박이 손상을 입어 상당기간 운송의 지연이 불가피한 때
③ 운송물이 불가항력으로 인하여 멸실된 때
④ 선박이 포획된 때 다",,X,X,,,0,,4)제외,,,,,,,,,,,
1185,ABANK-1185,중개사시험,09해상보험,운송보험,상법,진위형,BD02,AD02,종료사유,"다음 중 우리 상법상 해상운송계약의 종료사유에 해당하는 것은
① 선박의 침몰
② 선박이 손상을 입어 상당기간 운송의 지연이불가피한 때
③ 운송물이 불가항력으로 인하여 멸실된 때
④ 선박이 포획된 때임",,X,X,,,0,,2)X,,,,,,,,,,,
1186,ABANK-1186,중개사시험,09해상보험,운송보험,상법,진위형,BD02,AD02,종료사유,"다음 중 우리 상법상 해상운송계약의 종료사유에 해당하는 것은
① 선박의 침몰
② 운송물이 불가항력으로 인하여 멸실된 때
③ 선박이 포획된 때임",,X,O,,,0,,,,,,,,,,,,,
1187,ABANK-1187,중개사시험,09해상보험,운송보험,요율산정,진위형,BD02,AD02,요율,"다음 중 운송보험의 기본요율 산출 시 고려되는 대상은
① 운송업자
② 운송화물
③ 보험조건
④ 운송용구다",,X,X,,,0,,1)X,,,,,,,,,,,
1188,ABANK-1188,중개사시험,09해상보험,운송보험,요율산정,진위형,BD02,AD02,요율산정고려사항,"다음 중 운송보험의 기본요율 산출시 고려되는 대상은
① 운송용구
② 운송거리
③ 운송업자
④ 운송화물다",,X,X,,,0,,운송업자X,,,,,,,,,,,
1189,ABANK-1189,중개사시험,09해상보험,운송보험,약관,진위형,BD02,AD02,보상하는 손해,"다음 중 운송보험의 보통약관에서 보상하지 않는 손해지만 특별약관으로 별도의 약정을 통해서 보상이 가능한 손해는
① 보험목적인 화물의 성질로 인한 자연발화 손해
② 포장의 불완전으로 인한 손해
③ 전쟁으로인한 손해
④ 지진으로 인한 손해다",X,O,X,,,0,,4)O,,,,,,,,,,,
1190,ABANK-1190,중개사시험,09해상보험,운송보험,보험요율의 종류,진위형,BD02,AD02,요율산정요건,"다음의 운송보험 요율에 있어서
① Top Car란 콘테이너와 유사한 용기가 고정탑재되어있는 택배형 차량을 의미한다
② 보험의 목적인 차량을 Transporter로 운송할 경우에는 최종요율의 10%를 할인 적용한다.
③ 리어카,곤도라 등의 운반 및 계단을 통한 도보운반만의 경우에는 횟수에 상관 없이 철도편 요율의 50%를 적용 한다.",X,O,X,,,0,,3)X,,,,,,,,,,,
1191,ABANK-1191,중개사시험,09해상보험,선박보험,협회기관약관,진위형,BD02,AD02,특별약관,"보험가입금액을 외화로 체결하는 선박보험계약에서 원화로 보험금의 지급을 약정하는 선박보험의 특별약관은
① Loss Payable Clause과
② Full Premium if Lost Clause다",,X,X,,,0,,둘다아님,,,,,,,,,,,
1192,ABANK-1192,중개사시험,09해상보험,선박보험,협회기관약관,진위형,BD02,AD02,특별약관,보험가입금액을 외화로 체결하는 선박보험계약에서 원화로 보험금의 지급을 약정하는 선박보험의 특별약관은 Special Clause for Settlement of Claims of Local Repairs 다,X,X,O,,,0,,,,,,,,,,,,,
1193,ABANK-1193,중개사시험,09해상보험,선박보험,특별약관,진위형,BD02,AD02,특별약관,보험가입금액을 외화로 체결하는 선박보험계약에서 원화로 보험금의 지급을 약정하는 선박보험의 특별약관은 Special Clause for Settlement o fClaims of Local Repairs 다,,X,O,,,0,,,,,,,,,,,,,
1194,ABANK-1194,중개사시험,09해상보험,선박보험,ITC HULL,진위형,BD02,AD02,FPL조건,"선박보험 가입조건이 ITC-Hulls(1983) FPL unless etc,4/4ths Collision Liability, Deductible US$30,000일 때, 이 보험조건에 따르면
① 좌초 또는 악천후로 인해 발생한 분손을 담보한다
② 충돌 사고시 상대선의 불가동손실을 담보한다.
③ 보험자가 서면으로 별도로 합의한 경우를 제외하고, 선박의 소유권 또는 국적의 변경시 보험은 자동 종료 된다.
④ 좌초후의 선저 검사비용은 합리적으로 지급된 것이 라면 실제 손상이 발견되지 않았을 경우라도 공제 금액(Deductible)을 적용하지 않고 전액 보상한다.등이다",,X,X,,,0,,1)X,,,,,,,,,,,
1195,ABANK-1195,중개사시험,09해상보험,적하보험,약관,진위형,BD02,AD02,ICC약관,"신협회적하보험약관(ICC, 1982)의 (A)조건에서는 보상이 가능하지만 구협회적하보험약관(ICC, 1963)의 All Risks 조건에서는보상되지 않는 손해는 선박소유자의 파산으로 인하여 운송이 중간항에서 종료된 경우 최종 목적지까지의 계반비용",,X,X,,,0,,보상함,,,,,,,,,,,
1196,ABANK-1196,중개사시험,09해상보험,적하보험,약관,진위형,BD02,AD02,ICC약관,"신협회적하보험약관(ICC, 1982)의 (A)조건에서는 보상이 가능하지만 구협회적하보험약관(ICC, 1963)의 All Risks 조건에서는보상되지 않는 손해는 피보험위험으로 인하여 발생한 지연에 근인하여 발생한 손상 이다",,X,X,,,0,,지연은 모두 면책,,,,,,,,,,,
1197,ABANK-1197,중개사시험,09해상보험,적하보험,약관,진위형,BD02,AD02,ICC약관,"신협회적하보험약관(ICC, 1982)의 (A)조건에서는 보상이 가능하지만 구협회적하보험약관(ICC, 1963)의 All Risks 조건에서는보상되지 않는 손해는 해적위험이다",,X,O,,,0,,,,,,,,,,,,,
1198,ABANK-1198,중개사시험,09해상보험,적하보험,ICC,진위형,BD02,AD02,담보조건,"신협회적하보험약관(ICC, 1982)의 담보 내용중 ICC(A) 조건에서 우·담수 손해(Rain and/or Fresh Water Damage)를 담보한다.",,X,X,,,0,,ICC(B),,,,,,,,,,,
1199,ABANK-1199,중개사시험,09해상보험,적하보험,ICC,진위형,BD02,AD02,담보조건,"신협회적하보험약관(ICC, 1982)의 담보 내용중 ICC(C) 조건에서 화산의 분화, 낙뢰 위험을 담보한다",,X,X,,,0,,ICC(B),,,,,,,,,,,
1200,ABANK-1200,중개사시험,09해상보험,적하보험,ICC,진위형,BD02,AD02,담보조건,"신협회적하보험약관(ICC, 1982)의 담보 내용중조건에서 ICC(A) 조건에서 습기와 열에 의한 손해(Sweat &Heating Damage)를 담보한다.",O,O,O,,,0,,,,,,,,,,,,,
1201,ABANK-1201,중개사시험,09해상보험,적하보험,ICC,진위형,BD02,AD02,담보조건,"신협회적하보험약관(ICC, 1982)의 담보 내용중조건에서 ICC(C) 조건에서 본선, 부선으로의 하역작업 중 바다에 떨어지거나 갑판에 추락한 매 포장당 전손을 담보한다",X,X,O,,,0,,,,,,,,,,,,,
1202,ABANK-1202,중개사시험,09해상보험,선박보험,협회기관약관,진위형,BD02,AD02,선박압류,"우리나라 현행 상법 제5편 해상편 제744조(선박의 압류ㆍ 가압류)의 규정에 따르면 제744조(선박의 압류ㆍ가압류)
① 항해의 준비를 완료한 선박과 그 속구는 압류 또는 가압류를 하지 못한다다만, 항해를 준비하기 위하여 생긴 채무에 대하여는 그러하지 아니하다.
② 제1항은 총톤수 30톤 미만의 선박에는 적용하지 아니한다.",,X,X,,,0,,20T,,,,,,,,,,,
1203,ABANK-1203,중개사시험,09해상보험,운송보험,개념,진위형,BD02,AD02,운송보험,운송보험에서 보험의 목적은 운송화물로서 화물 자체에 대한 보험이다.,,X,X,,,0,,운송이 목적,,,,,,,,,,,
1204,ABANK-1204,중개사시험,09해상보험,운송보험,개념,진위형,BD02,AD02,운송보험,"운송보험에서
① 보험계약자 및 피보험자는 화물 운송인이다.
② 화물가액의 한도 내에서 운송화물로 인한 제3자에 대한 배상책임도 보상이 가능하다.
③ 화물의 육상, 해상 및 항공운송 도중에 발생한 손해를 보상한다.",,X,O,,,0,,,,,,,,,,,,,
1205,ABANK-1205,중개사시험,09해상보험,운송보험,용어정의,진위형,BD02,AD02,운송용구,"운송보험에서 보험목적물을 운반하는 운송용구에 포함되지 것은
① 철도운송 전후 자동차
② 택배형 차량
③ 지게차, 엘리베이터 등이다",,X,O,,,0,,,,,,,,,,,,,
1206,ABANK-1206,중개사시험,09해상보험,운송보험,용어정의,진위형,BD02,AD02,운송용구,"운송보험에서 보험목적물을 운반하는 운송용구에 포함되지 것은
① 철도운송 전후 자동차
② 택배형 차량
③ 연안항구 이동만을 위한 바지선(Barge) 등이다",,X,X,,,0,,바지제외,,,,,,,,,,,
1207,ABANK-1207,중개사시험,09해상보험,운송보험,고지의무,진위형,BD02,AD02,해지조건,운송보험의 계약체결 이후 보험가액이 상당히 증가하였음에도 불구하고 이에 대한 알릴 의무를 이행하지 아니하였을 경우 보험자는 계약을 해지할 수 있다?,,X,X,,,0,,,,,,,,,,,,,
1208,ABANK-1208,중개사시험,09해상보험,운송보험,고지의무,진위형,BD02,AD02,해지조건,"운송보험의 계약체결 이후 보험자가 계약을 해지할 수 있는 경우는
① 상당한 이유없이 보험의 목적물의 운송적재상태에 대한 보험자의 조사를 거부 또는 회피한 경우
② 계약 전 보험계약청약서 등에서 질문한 사항에 대하여 알릴 의무를 이행하지 아니하였을 경우
③ 계약 후 위험이 뚜렷하게 증가하였음에도 불구하고 이에 대한 알릴 의무를 이행하지 아니하였을 경우 등이다",,X,O,,,0,,,,,,,,,,,,,
1209,ABANK-1209,중개사시험,09해상보험,운송보험,특별약관,진위형,BD02,AD02,특별운송약관,"적하보험 운송약관에 따르면 통상의 운송과정을 벗어난 화물의 보관이나 할당, 분배를 위한 보관시 보험이 종료 되게 된다 이처럼 통상의 운송과정을 벗어난 상황에서 확장담보를 받기 위해 첨부하는 특별약관은 신속조치약관(Reasonable Despatch Clause)다",,X,X,,,0,,특별운송약관,,,,,,,,,,,
1210,ABANK-1210,중개사시험,09해상보험,운송보험,특별약관,진위형,BD02,AD02,특별운송약관,"적하보험 운송약관에 따르면 통상의 운송과정을 벗어난 화물의 보관이나 할당, 분배를 위한 보관시 보험이 종료 되게 된다 이처럼 통상의 운송과정을 벗어난 상황에서 확장담보를 받기 위해 첨부하는 특별약관은 특별운송약관(Special Transit Clause)이다",,X,O,,,0,,,,,,,,,,,,,
1211,ABANK-1211,중개사시험,09해상보험,운송보험,특별약관,진위형,BD02,AD02,특별운송약관,"적하보험 운송약관에 따르면 통상의 운송과정을 벗어난 화물의 보관이나 할당, 분배를 위한 보관시 보험이 종료 되게 된다 이처럼 통상의 운송과정을 벗어난 상황에서 확장담보를 받기 위해 첨부하는 특별약관은 항해변경약관(Change of Voyage Clause) 이다",,X,X,,,0,,특별운송약관,,,,,,,,,,,
1212,ABANK-1212,중개사시험,09해상보험,운송보험,용어정의,진위형,BD02,AD02,운송용구,지게차 엘리베이터는 운송보험에서 보험목적물을 운반하는 운송용구에 포함되지 않는다,,X,X,,,0,,포함됨,,,,,,,,,,,
1213,ABANK-1213,중개사시험,09해상보험,선박보험,협회기관약관,선택형,BD02,AD02,담보위반조항,"협회기간약관-선박(ITC-Hulls, 1983) 제3조 담보위반조항 (Breach of Warranty)은 보험자에게 담보위반 사실을 지체없이 통보하고 보험자가 요구한 수정된 보험조건 및 추가보험료에 합의를 한 경우에 특정의 담보위반이 허용되고 보험자의 책임이 계속된다(Held Covered)고 규정하고 있지만 동 약관조항에도 불구하고
① 피보험선박의 예인이나 피예인
② 피보험선박에 의해 운송되는 적하
③ 항해의 지리적 제단등은 담보위반이 허용되지 않는다",,X,X,,,0,,모두허용됨,,,,,,,,,,,
1214,ABANK-1214,중개사시험,09해상보험,선박보험,협회기관약관,선택형,BD02,AD02,담보위반조항,"협회기간약관-선박(ITC-Hulls, 1983) 제3조 담보위반조항 (Breach of Warranty)은 보험자에게 담보위반 사실을 지체없이 통보하고 보험자가 요구한 수정된 보험조건 및 추가보험료에 합의를 한 경우에 특정의 담보위반이 허용되고 보험자의 책임이 계속된다(Held Covered)고 규정하고 있지만 동 약관조항에도 불구하고 선급의 변경이나 정지는 계속부담보 조건에 해당하지 않는다",,X,O,,,0,,,,,,,,,,,,,
1215,ABANK-1215,중개사시험,09해상보험,미확인,,선택형,BD04,AD04,,"Incoterms(2010)상의무역거래조건중에서위험이이전 되는시점이서로같은것으로짝지어진것은?
① CIP, CFR
② CPT, CIF
③ CIP, CIF
④ CPT, CIP",,X,1,,,0,,,,,,,,,,,,,
1216,ABANK-1216,중개사시험,09해상보험,미확인,,선택형,BD04,AD04,,"현재국내에서사용하고있는적하보험약관(Institute Cargo Clause, A/R)의Transit Clause에따르면, 보험기간의종료는 수입의경우최종하역항에서화물의하역후( )일이며, 수출의경우에는하역후( )일이다. 여기서( )에알맞은것은?
① 30, 30
② 30, 60
③ 60, 30
④ 60, 60",,X,4,,,0,,,,,,,,,,,,,
1217,ABANK-1217,중개사시험,09해상보험,미확인,,선택형,BD04,AD04,,"다음중S.G. Policy에열거되어있지않는위험은?
① 화재(Fire)
② 폭발(Explosion)
③ 투하(Jettisons)
④ 해상고유의위험(Perils of the Seas)",,X,2,,,0,,,,,,,,,,,,,
1218,ABANK-1218,중개사시험,09해상보험,미확인,,선택형,BD04,AD04,,"다음적하보험계약의조건중보험료가가장저렴한것은?
① FPA
② WA 3%
③ WAIOP
④ A/R",,X,2,,,0,,,,,,,,,,,,,
1219,ABANK-1219,중개사시험,09해상보험,미확인,,선택형,BD04,AD04,,"ICC(FPA) 보험조건으로부보된화물에단독해손이발생 하였다. 다음중담보위험이아닌것은?
① 침몰(Sinking)
② 좌초(Stranding)
③ 황천(Heavy Weather)
④ 화재(Fire)",,X,2,,,0,,,,,,,,,,,,,
1220,ABANK-1220,중개사시험,09해상보험,미확인,,선택형,BD04,AD04,,"영국해상보험법(MIA, 1906)상의보험증권해석에관한 규칙의설명중틀린것은?
① 해상고유의위험(Perils of the Seas)에는풍파의통상 적인작용은포함하지아니한다.
② 도적(Thieves)이란은밀한절도또는선원이든승객을 불문하고승선자에의한절도는포함하지않는다.
③ 공동해손이아닌해손(Average unless General)이란공동 해손손해가아닌분손과전손을의미하고, 단독비용을 포함한다.
④ 기타일체의위험(All Other Perils)이란보험증권에 특별히기재된위험과동종의위험만을말한다.",,X,4,,,0,,,,,,,,,,,,,
1221,ABANK-1221,중개사시험,09해상보험,미확인,,선택형,BD04,AD04,,"다음중운송보험보통약관에관한설명으로틀린것은?
① 운송의지연으로생긴손해는보상하지않는다.
② 보험계약자의책임없는사유로보험계약이무효가 되거나책임이개시되기이전에해지된경우에는 보험료전액을, 책임개시후사고발생전에해지된 경우에는미경과기간에해당하는보험료를돌려준다.
③ 보험계약자또는피보험자가손해의통지를게을리하여 손해가증가된때에는그증가된손해는보상하지않는다.
④ 이약관에정하지아니한사항은대한민국법령에 따른다.",,X,3,,,0,,,,,,,,,,,,,
1222,ABANK-1222,중개사시험,09해상보험,미확인,,선택형,BD04,AD04,,"ICC(C)조건에서는담보위험이아니지만ICC(B)조건에서는 담보위험인것은?
① 육상운송용구의전복
② 투하
③ 화재
④ 선박에선적또는양하작업중해수면으로낙하하여멸실 되거나추락하여발생된포장단위의전손",,X,1,,,0,,,,,,,,,,,,,
1223,ABANK-1223,중개사시험,09해상보험,미확인,,선택형,BD04,AD04,,"다음중공동해손행위에대한설명으로틀린것은?
① 좌초된선박을이초하기위하여적재된화물의해상 투하(Jettison)는적하의공동해손희생손에해당된다.
② 화물을선적한선박이침몰을피하기위하여임의 좌초함에따라발생된선박의손해는공동해손희생 손에해당된다.
③ 화물의공동해손희생손은이해당사자의분담가액에 따라분담되므로적하보험자에게손해액전액을직접 청구할수없다.
④ 선주가공동해손선포시Average Bond는화주가직접 작성하여선주에게제공하여야한다.",,X,3,,,0,,,,,,,,,,,,,
1224,ABANK-1224,중개사시험,09해상보험,미확인,,선택형,BD04,AD04,,"운송보험의면책위험중특별약관으로별도약정하였을때 보상되는위험이아닌것은?
① 지진에의한해일
② 보험계약자또는피보험자가자신의화물을자기소유의 차량으로운송하는도중에발생된손해
③ 냉동냉장고및냉동냉장기계장치의파손이나고장으로인한 손해
④ 이사화물중독또는항아리, 병등의파손",,X,3,,,0,,,,,,,,,,,,,
1225,ABANK-1225,중개사시험,09해상보험,미확인,,선택형,BD04,AD04,,"영국해상보험법(MIA, 1906) 및1983년협회기간약관- 선박(ITC-Hulls)상선박의추정전손에관한설명중틀린 것은?
① 추정전손보험금을청구하기위해서는피보험자는보험자 에게반드시합리적인위부통지를하여야한다.
② 선박이행방불명되어상당기간경과한경우에는추정 전손이아니라현실전손으로간주한다.
③ 보험기간중각기다른복수의사고로인하여발생한 선박의손상에대한예상수리비가개별적으로는협정 보험가액을초과하지않지만이들예상수리비의총합 계가협정보험가액을초과한다면피보험자는추정전손 보험금을청구할수있다.
④ 선박의추정전손여부를결정하기위해서는손상에대한 예상수리비뿐만아니라선박이부담하여야할장래의 구조비와선박이수리될경우에선박이부담하게될 장래의공동해손분담금도가산되어야한다.",,X,3,,,0,,,,,,,,,,,,,
1226,ABANK-1226,중개사시험,09해상보험,미확인,,선택형,BD04,AD04,,"① 983년협회기간약관-선박(ITC-Hulls) 제12조공제액 (Deductible)조항에관한설명중틀린것은?
② 추정전손의경우에는공제액을적용하지않는다.
③ 전부손해에추가하여발생된충돌배상책임보상액에는 공제액을적용한다.
④ 전부손해에추가하여발생된손해방지비용에는공제 액을적용하지않는다.",,X,2,,,0,,,,,,,,,,,,,
1227,ABANK-1227,중개사시험,09해상보험,미확인,,선택형,BD04,AD04,,"해상에서선박사이의충돌을방지하기위하여제정된 1972년국제해상충돌예방규칙의내용으로틀린것은?
① 두동력선이서로진로를횡단하는경우(Crossing Situation)에충돌의위험이있을때에는다른선박을 좌현쪽에두고있는선박이그다른선박의진로를 피하여야한다.
② 두동력선이정면으로마주치게되어(Head-on Situation) 충돌의위험이있을때에는각선박은서로다른선박의 좌현쪽을통과할수있도록우현쪽으로변침하여야한다.
③ 항해중인선박은그조종성능의우열에따라조종 불능선, 조종제한선, 어로에종사중인선박, 범선, 일반동력선순으로진로의우선권이있다.
④ 등화와관련하여“현등(Sidelights)”이라함은우현 쪽에설치된녹등(Green Light), 좌현쪽에설치된 홍등(Red Light)을의미한다.",,X,4,,,0,,,,,,,,,,,,,
1228,ABANK-1228,중개사시험,09해상보험,미확인,,선택형,BD04,AD04,,"국내에서1983년협회기간약관-선박(ITC-Hulls) FPL unless etc. 의조건으로보험기간을1년으로하는선박보험에가입 하는경우에보험자의책임은통상적으로보험기간의첫날 ( )에시작하여마지막날( )에종료한다. 다음중( )안에공통적으로들어갈적합한시각은?
① 12:00 (낮12시)
② 16:00 (오후4시)
③ 18:00 (오후6시)
④ 00:00 (자정)",,X,2,,,0,,,,,,,,,,,,,
1229,ABANK-1229,중개사시험,09해상보험,미확인,,선택형,BD04,AD04,,"ITC-Hulls(1/10/83) 3/4ths RDC, Deductible US$ 10,000의 보험조건에보험가입금액을US$ 1,000,000로하는선박 보험에가입한A선박이부산항을출항하여알래스카까지의 단일편도구간 항해중유빙(floating ice)과접촉하는 사고가각기날짜를달리하여연속적으로2차례발생 하여선체가파손되었다.(단, 두사고모두상기보험계약 상의보험기간중에발생한것으로함) 검정인의검정결과, 이로인한합리적수리비가(
① 제1차 사고US$ 60,000, (
② 제2차사고US$ 40,000로각각 확인되었을때, 선체보험자가지급해야할총보험금은?
③ US$ 55,000
④ US$ 65,000",,X,2,,,0,,,,,,,,,,,,,
1230,ABANK-1230,중개사시험,09해상보험,미확인,,선택형,BD04,AD04,,"적하보험운송약관에따르면통상의운송과정을벗어난 화물의보관이나할당, 분배를위한보관시보험이종료 되게된다. 이처럼통상의운송과정을벗어난상황에서 확장담보를받기위해첨부하는특별약관은?
① 신속조치약관(Reasonable Despatch Clause)
② 특별운송약관(Special Transit Clause)
③ 항해변경약관(Change of Voyage Clause)
④ 계반비용약관(Forwarding Charge Clause)",,X,3,,,0,,,,,,,,,,,,,
1231,ABANK-1231,중개사시험,09해상보험,미확인,,선택형,BD04,AD04,,"다음중우리상법상해상운송계약의종료사유에해당 되지않는것은?
① 선박이침몰한때
② 선박이손상을입어그수선비가선박가액의3분의 2에달할때
③ 선박이포획된때
④ 운송물이불가항력으로인하여멸실된때",,X,3,,,0,,,,,,,,,,,,,
1232,ABANK-1232,중개사시험,09해상보험,미확인,,선택형,BD04,AD04,,"다음중ICC(FPA) 조건에서는담보되나ICC(C)조건에 서는담보되지않는것은?
① 공동해손화물분담금
② 본선의화재로인한화물의일부손해
③ 피난항에서하역중화물의일부손해
④ 항해중악천후로인한화물의전부손해",,X,2,,,0,,,,,,,,,,,,,
1233,ABANK-1233,중개사시험,09해상보험,미확인,,선택형,BD04,AD04,,"다음중신협회적하보험약관(ICC, 1982)에서규정하고 있는적하보험위험의종기에대한설명으로옳은것은?
① 최종양하항에서외항선으로피보험화물이양하 완료된후30일경과할때
② 화물의최종목적지에도착하기이전화물의분배를 위하여보관장소에인도된때
③ 운송계약이중간항에서종료된경우그중간항에서 피보험화물이본선으로부터하역된때
④ 외항선으로부터피보험화물이하역된후최종목적지가 변경된경우그러한변경의사가결정된때",,X,1,,,0,,,,,,,,,,,,,
1234,ABANK-1234,중개사시험,09해상보험,미확인,,선택형,BD04,AD04,,"다음중York-Antwerp Rules 1994(YAR, 1994)에따른 공동해손비용또는희생손해로인정될수없는것은?
① 선박의화재를소화함에따른화물의손해
② 피난항에서선박이계속적인항해를위해수선이 필요한경우에그수리기간동안지불된선원의급료와 부양비
③ 항해중악천후를피하기위한선박기관의과도사용에 의한손해
④ 피난항에서항해의계속적인수행에필요한선박수리를 위해필요한하역작업중에발생한화물의손해",,X,4,,,0,,,,,,,,,,,,,
1235,ABANK-1235,중개사시험,09해상보험,미확인,,선택형,BD04,AD04,,"다음중운송보험의기본요율산출시고려되는대상이 아닌것은?
① 운송용구
② 운송거리
③ 운송업자
④ 운송화물",,X,2,,,0,,,,,,,,,,,,,
1236,ABANK-1236,중개사시험,09해상보험,미확인,,선택형,BD04,AD04,,"다음중ICC(C) 약관에서담보되지않는위험은?
① 공동해손희생손해
② 육상운송용구의탈선또는전복
③ 지진, 화산의분출, 낙뢰
④ 선박의좌초, 침몰, 전복",,X,2,,,0,,,,,,,,,,,,,
1237,ABANK-1237,중개사시험,09해상보험,미확인,,선택형,BD04,AD04,,"Incoterms(2010) 상의무역거래조건중에서매도인의 공장창고또는보관장소에서화물의운송을개시할때 매수인에게위험이이전되는것은?
① FAS
② DDP
③ EXW
④ CFR",,X,4,,,0,,,,,,,,,,,,,
1238,ABANK-1238,중개사시험,09해상보험,미확인,,선택형,BD04,AD04,,"다음의운송보험요율서내용에대한설명중틀린것은?
① Top Car란콘테이너와유사한용기가고정탑재되어 있는택배형차량을의미한다.
② 보험의목적인차량을Transporter로운송할경우에는 최종요율의10%를할인적용한다.
③ 무개화차에는통풍차, 가축차, 우누차를포함한다.
④ 리어카, 곤도라등의운반및계단을통한도보운반만의 경우에는횟수에상관없이철도편요율의50%를적용 한다.",,X,1,,,0,,,,,,,,,,,,,
1239,ABANK-1239,중개사시험,09해상보험,미확인,,선택형,BD04,AD04,,"① 983년협회기간약관-선박(ITC-Hulls) 제11조공동해손 및구조(General Average and Salvage)조항에따라피 보험자가다른당사자에대해공동해손분담청구권을우 선적으로행사하지않고도보험자로부터손해액의전액을 보상받을수있는공동해손손해에해당하는것은?
② 선박의좌초후공동안전을위해선박을다시부양 시키는과정에서기계및보일러에생긴손상수리비
③ 공동항해에연관된재산을위험으로부터보존하기 위해구조작업이취해졌을경우발생한구조비
④ 공동해손으로인정될수있는다른비용을대신하여 지출한일체의추가비용",,X,2,,,0,,,,,,,,,,,,,
1240,ABANK-1240,중개사시험,09해상보험,미확인,,선택형,BD04,AD04,,"선박보험가입조건이ITC-Hulls(1983) FPL unless etc. ,4/4ths Collision Liability, Deductible US$30,000일때, 이보험조건에관한다음의설명중틀린것은?
① 좌초또는악천후로인해발생한분손을담보한다.
② 충돌사고시상대선의불가동손실을담보한다.
③ 보험자가서면으로별도로합의한경우를제외하고, 선박의소유권또는국적의변경시보험은자동종료 된다.
④ 좌초후의선저검사비용은합리적으로지급된것이 라면실제손상이발견되지않았을경우라도공제 금액(Deductible)을적용하지않고전액보상한다.",,X,2,,,0,,,,,,,,,,,,,
1241,ABANK-1241,중개사시험,09해상보험,미확인,,선택형,BD04,AD04,,"① 983년협회기간약관-선박(ITC-Hulls) 제8조선박충돌배상 책임(3/4ths Collision Liability) 조항에관한다음의설명 중틀린것은?
② 1836년De Vaux v. Salvador사건의판결을계기로 선박충돌약관이하나의표준약관으로서선박보험증권에 도입되었다.
③ 피보험선박에적재된적하손상에대한보상도포함 된다.
④ 충돌상대선에적재된승객이나승무원의소지품 손상에대한보상도포함된다.",,X,3,,,0,,,,,,,,,,,,,
1242,ABANK-1242,중개사시험,09해상보험,미확인,,선택형,BD04,AD04,,"선체보험은기평가보험으로서협정보험가액과보험가 입금액이동일하면사고발생시선체의정상시장가액이 협정보험가액보다더높은경우라할지라도전부보험 으로간주하여비례보상을하지않는다. 그러나특정한 비용은협정보험가액이아니라사고발생시의선박의 정상시장가액과보험가입금액을비교하여선박의정상 시장가액이보험가입금액보다높은경우에는일부보험 으로간주하여비례보상한다. 다음중특정한비용에 해당하지않는것은?
① 공동해손비용에대한선박의분담금
② 손해방지비용을지급하였으나결국추정전손이인정 되어보험자가전손보험금을지급하고대위권을행사 하여피보험재산을구조한경우에, 손해방지비용중 구조재산가액을초과한비용의금액
③ 선박의공동해손희생손해로인한수리비
④ 영법상의구조비용, 즉순수구조료",,X,2,,,0,,,,,,,,,,,,,
1243,ABANK-1243,중개사시험,09해상보험,미확인,,선택형,BD04,AD04,,"다음중우리나라현행상법해상편상의선박소유자등의 책임제한에관한설명으로올바른것은?
① 책임제한한도액의산정에적용되는계산단위는 금프랑(gold franc)이다.
② 책임제한한도액의산정에적용되는선박톤수는선박의 재화중량톤수(Deadweight Tonnage : DWT)이다.
③ 선박소유자는해난구조로인한구조료채권및공동 해손의분담에관한채권에대하여는그책임을 제한하지못한다.
④ 우리상법은선주책임제한에대하여위부주의와선가 책임주의를합한병용주의를채택하고있다.",,X,3,,,0,,,,,,,,,,,,,
1244,ABANK-1244,중개사시험,09해상보험,미확인,,선택형,BD04,AD04,,"항공사가일반적으로가입하고있는항공보험(Aircraft Policy)의기체전위험및배상책임보험에서담보하지 않는손해는?
① 상공에서운항중에방사능오염으로인한엔진손상
② 운항중공중납치과정에서발생한기체손상
③ 조종사의실수로추락한항공기의전부손상
④ 기류불안정으로발생한승객의부상",,X,3,,,0,,,,,,,,,,,,,
1245,ABANK-1245,중개사시험,09해상보험,미확인,,선택형,BD04,AD04,,"Incoterms(2010)상의 무역거래조건 11가지 중에서 운송방식 이 어떤 것인지를 불문하고, 또한 그 운송방식이 단일운송인 지 복합운송인지를 가리지 않고 사용이 가능한 7가지 조건 들이 있다. 다음 중 이들 7가지 조건에 속하지 않는 것은?
① CIP
② DAP
③ FCA
④ FAS",,X,4,,,0,,,,,,,,,,,,,
1246,ABANK-1246,중개사시험,09해상보험,미확인,,선택형,BD04,AD04,,"다음 중 신협회적하보험약관(ICC, 1982) 제12조 계반비 용조항(Forwarding Charges Clause)에 관한 설명으로 틀린 것은?
① 보험자가보상하는비용은목적지까지의계반을위 하여합리적으로지출된중간항에서의양하비용, 보 관비용및계반비용이며, 계반을위한다른선박에의 재선적비용은포함하지않는다.
② 계반비용을보상받기위해서는피보험위험이작용한 결과로써중간항이나중간장소에서피보험운송이종 료되어야한다.
③ 선주등의금전상채무불이행으로인한계반비용이나 전쟁등으로운송이종료되어발생한계반비용은보 험자가보상하지않는다.
④ 이조항은공동해손이나구조비에는적용되지않는다.",,X,4,,,0,,,,,,,,,,,,,
1247,ABANK-1247,중개사시험,09해상보험,미확인,,선택형,BD04,AD04,,"다음 중 최소한 24시간 이상 계속된 냉동기기, 냉동장 치 등의 교란 및 고장으로 인해 화물이 입은 멸실이나 손상을 확장담보받기 위하여 냉동육류 및 냉동어획물과 같은 화물의 부보시에 첨부하는 적하보험 특별약관은?
① Refrigerated Machinery Clause
② Special Survey Clause
③ Refrigerated Cargo Clause
④ Special Replacement Clause",,X,2,,,0,,,,,,,,,,,,,
1248,ABANK-1248,중개사시험,09해상보험,미확인,,선택형,BD04,AD04,,"현재 국내에서 통용되고 있는 적하보험 요율서 상 구 약관(1963)의 ICC(A/R) 및 ICC(Air), 신약관(1982)의 ICC(A) 및 ICC(Air)요율이라고 하더라도 이들 요율에는 화물별로 특수위험에 대한 담보요율이 제외되어 있음 을 명시하고 있는 경우가 있다. 만약 이 특수위험을 담 보받기 위하여는 요율서에서 별도로 정한 적용특칙 및 부가요율을 적용하여야 한다. 다음 중 화물별 특수위험이 잘못 짝지어진 것은?
① 유리: Breakage
② 폭약: Explosion
③ 사료(산적화물) : Shortage
④ 이사화물: Sweat & Heating",,X,1,,,0,,,,,,,,,,,,,
1249,ABANK-1249,중개사시험,09해상보험,미확인,,선택형,BD04,AD04,,"① 982년 제정된 신협회적하약관 ICC(A) 및 신협회항공 화물약관 ICC(Air) 의 운송조항(Transit Clause)에 명시 된 바에 따르면 최종 양하장소에서 외항선 및 항공기로 부터 피보험화물의 양하가 완료된 후 각각의 약관별로 “( ) 일”이 경과한 때에 보험(보험자의 책임)이 종료 된다고 규정하고 있다. 다음 중 ICC(A) 와 ICC(Air)의 약관별로 ( ) 안에 들 어갈 숫자를 올바로 짝지은 것은?
② ICC(A) : 60, ICC(Air) : 60
③ ICC(A) : 30, ICC(Air) : 60
④ ICC(A) : 60, ICC(Air) : 30",,X,3,,,0,,,,,,,,,,,,,
1250,ABANK-1250,중개사시험,09해상보험,미확인,,선택형,BD04,AD04,,"다음에 열거한 사유로 운송화물에 손해가 각각 발생하 였다. 이 가운데 우리 상법(제5편 해상편)상의 규정에 따라 운송인이 이에 대한 배상책임을 면할 수 있는 사 유에 해당되지 않는 것은?
① 해적행위
② 재판상의압류
③ 운송물의특수한성질
④ 운송인의과실로인한화재",,X,3,,,0,,,,,,,,,,,,,
1251,ABANK-1251,중개사시험,09해상보험,미확인,,선택형,BD04,AD04,,"선박소유자 등의 파산 또는 금전상의 채무불이행으로 인한 화물의 멸실, 손상 또는 비용을 보험자의 면책손 해라고 명시적으로 규정하고 있는 협회적하약관은 다 음 중 어느 것인가?
① ICC(All Risks)
② ICC(WA)
③ ICC(A)
④ ICC(FPA)",,X,4,,,0,,,,,,,,,,,,,
1252,ABANK-1252,중개사시험,09해상보험,미확인,,선택형,BD04,AD04,,"다음 중 운송보험 보통약관의 내용에 관한 설명으로 틀린 것은?
① 보험회사가잔존물을인수하지아니할뜻을나타내 고손해를보상한경우에는그잔존물은피보험자의 소유가된다.
② 만약보험계약자또는피보험자가고의또는중대한 과실로손해방지의무를게을리한때에는보험회사는 보험계약자또는피보험자가방지또는경감할수 있었던것으로밝혀진금액을손해액에서차감한다.
③ 보험회사는보험의목적이육상에서운송하는도중 에발생한손해는보상하지만호수나하천에서운송 중생긴손해는보상하지않는다.
④ 보험회사의책임은운송인이운송할목적으로보험의목 적을보험증권에기재한발송지의보관장소에서반출할 때부터시작한다.",,X,4,,,0,,,,,,,,,,,,,
1253,ABANK-1253,중개사시험,09해상보험,미확인,,선택형,BD04,AD04,,"다음 중 우리나라 현행 운송보험 요율서에서 규정하고 있는 할인요율의 적용대상은?
① 철도운송전후창고에서창고까지책임이연장되는경우
② 보험의목적인차량을Transporter로운송할경우
③ 냉동냉장기관특별약관을첨부하고자할경우
④ 보험의목적이무개화차로운송될경우",,X,1,,,0,,,,,,,,,,,,,
1254,ABANK-1254,중개사시험,09해상보험,미확인,,선택형,BD04,AD04,,"다음 중 운송보험 보통약관의 내용에 관한 설명으로 틀린 것은?
① 보험의목적에손해가생긴경우보험계약자또는 피보험자는24시간이내에이를보험자에게알리고, 사고를증명하는서류및그밖에보험자가요구하 는자료를제출하여야한다.
② 보험계약자또는피보험자는보험자가손해를보상 함으로써대위하는제3자에대한권리의보전및그 행사에관하여필요한조치등을취하여야하며, 보 험자는이에필요한비용을보상한다.
③ 보험가액은보험의목적을발송한때와곳에있어서 의가액으로하며, 도착지까지의운임, 보험료등기 타비용과도착으로얻을이익을포함한다.
④ 손해방지비용은보험가입금액의보험가액에대한비 율에따라약관상의지급보험금계산방법에준하여 이를보상한다.",,X,3,,,0,,,,,,,,,,,,,
1255,ABANK-1255,중개사시험,09해상보험,미확인,,선택형,BD04,AD04,,"영국 해상보험법(MIA 1906)상 선박의 보험가액 산정시 포함되지 않는 항목은?
① 선원을위한식료품및소모품
② 선박의의장구
③ 어선의어구
④ 선박의정기용선주가공급한선박의연료",,X,3,,,0,,,,,,,,,,,,,
1256,ABANK-1256,중개사시험,09해상보험,미확인,,선택형,BD04,AD04,,"① 983년 협회기간약관-선박(ITC-Hulls)에 관한 설명 중 틀린 것은?
② 항만등이아닌해상에서선박에서선박으로화 물작업을하는경우, 그러한작업에기인하여발생 한선박손해에대해서는보험자와사전에별도의 추가조건이협의되지않는한보상이불가하다.
③ 화물, 무역, 예인및구조작업등에관한담보위반이 있는경우에는그러한담보위반시점부터보험자는 선박손해에대해서절대면책이된다.
④ 보험기간중선급의변경이있는경우보험자의서면 동의가없으면당해보험은자동종료된다. 그경우, 남은보험기간에대해서는일할순보험료를환급한다.",,X,3,,,0,,,,,,,,,,,,,
1257,ABANK-1257,중개사시험,09해상보험,미확인,,선택형,BD04,AD04,,"다음 중 1983년 협회기간약관-선박(ITC-Hulls)의 4조 종료조항에 따라 보험이 자동 종료되는 경우로만 구성된 것은?
① 선급협회의변경, 나용선계약
② 타선박에대한예인, 관리자의변경
③ 국적의변경, 구조작업에의투입
④ 해상에서선박에서선박으로화물작업, 선급의정지및탈급",,X,2,,,0,,,,,,,,,,,,,
1258,ABANK-1258,중개사시험,09해상보험,미확인,,선택형,BD04,AD04,,"다음 중 영국 해손정산인 실무규칙의 내용으로 틀린 것은?
① 보험수리가정기적인도크(Dock)시까지연기되어선 급유지검사나감항성유지를위한선주수리와동시 에행하여질경우에도크사용료와입출거비용은 보험자의부담으로한다.
② 어떤항구에서수리를행할수없어다른항구로 회항할경우회항중발생한선원의임금, 연료비, 항비는회항비용으로보상한다.
③ 수리를위한회항중새로운운임을취득하거나 항해관련비용이절약된경우이를회항비에서 공제하고보상해야한다.
④ 보험사고의직접적결과로탱크의1차청소또는가스배 출이필요한경우이러한비용은보험자의부담으로한다.",,X,1,,,0,,,,,,,,,,,,,
1259,ABANK-1259,중개사시험,09해상보험,미확인,,선택형,BD04,AD04,,"① 983년 협회기간약관-선박(ITC-Hulls)에 첨부하여 사용하는 특별약관인 협회추가위험약관-선박(Institute Additional Perils Clause-Hulls)에서 보상하지 않는 것은?
② 파열된기관의수리또는교체비용
③ 선박의멸실또는손상을야기시키지않은결함부분의대체비용
④ 여하한관계인의과오, 무능력또는판단착오에의해 야기된선박의멸실또는손상",,X,4,,,0,,,,,,,,,,,,,
1260,ABANK-1260,중개사시험,09해상보험,미확인,,선택형,BD04,AD04,,"Incoterms(2010)상의 무역거래조건 중 매도인이 지정목적항 또는 목적지에 있는 지정 터미널에서 물품이 선박 또는 기타 운송수단으로부터 양하된 후 수입통관을 하지 않고 매수인이 임의처분할 수 있는 상태로 물품을 인도한때에 위험이 이전되는 것은?
① FCA
② DDP
③ DAP
④ DAT",,X,4,,,0,,,,,,,,,,,,,
1261,ABANK-1261,중개사시험,09해상보험,미확인,,선택형,BD04,AD04,,"다음 중 ICC(WA 3%)조건에서 보상하는 손해가 아닌 것은?
① 악천후(heavy weather)로 인하여 적하가 입은 3% 미만의 단독해손
② 적재선박의 타선박과의 충돌(collision)로 인하여 적하가 입은 3% 미만의 단독해손
③ 적재선박의 좌초(stranding)로 인하여 적하가 입은 3% 미만의 단독해손
④ 적재선박의 침몰(sinking)로 인하여 적하가 입은 3% 미만의 단독해손",,X,2,,,0,,,,,,,,,,,,,
1262,ABANK-1262,중개사시험,09해상보험,미확인,,선택형,BD04,AD04,,"다음 중 ICC(B)조건과 ICC(C)조건 모두에서 공통적으로 담보하는 위험들로만 올바르게 짝지어진 것은?
① 투하(jettison), 육상운송용구의 전복
② 낙뢰(lightning), 피난항에서의 화물의 하역
③ 하역작업 중 바다에 떨어지거나 갑판에 추락하여 발생한 매 포장당전손, 선박의 전복(capsized)
④ 본선부선에 해수의 유입, 갑판유실(washing overboard)",,X,4,,,0,,,,,,,,,,,,,
1263,ABANK-1263,중개사시험,09해상보험,미확인,,선택형,BD04,AD04,,"다음 중 추정전손(Constructive Total Loss)에 대한 설명 으로 틀린 것은?
① 추정전손은 법률상의 전손(Total Loss)이지만, 사실상의 전손은 아니다.
② 화물이 손상을 입은 경우에 그 손상을 수리하는 비용과 화물을 목적지까지 계반하는데 드는 비용을 합산한 금액이 목적항에 도착하였을 때의 화물의 가액을 초과할 것으로 예상되는 경우에는 추정전손이 있다고 본다.
③ 보험의 목적물이 파괴된 경우 또는 더 이상 부보된 종류의 물건이라고 할 수 없을 정도로 심하게 훼손된 경우에는 추정전손이 있다고 본다.
④ 피보험자가 담보위험으로 인하여 보험목적물의 소유를 박탈당해 회복할 가능성이 없거나, 이를 회복하는데 소요되는 비용이 회복되었을 때의 가액을 초과할 것으로 예상되는 경우에는 추정전손이 있다고 본다.",,X,2,,,0,,,,,,,,,,,,,
1264,ABANK-1264,중개사시험,09해상보험,미확인,,선택형,BD04,AD04,,"다음 중 신협회적하보험약관(ICC,1982)에 규정된 조항의 내용에 관한 설명으로 틀린 것은?
① 피보험이익조항(Insurable Interest Clause)은 피보험 이익의 존재시기에 관한 영국해상보험법(MIA,1906) 상의 일반원칙이 충족되었음을 전제로, 피보험손해가 보험 계약체결 이전에 발생한 것이더라도 피보험자가 그 손해의 발생사실을 알고 있었고 보험자는 몰랐을경우를 제외하고는 피보험자는 이 보험의 담보기간 중에 생긴 피보험손해에 대하여 보상을 받을 권리가 있다는 규정이다.
② 포기조항(Waiver Clause)은 보험의 목적물을 구조하고 보호하거나 또는 회복할 목적으로 피보험자나 보험자에 의해 취하여진 조치는 위부의 포기나 승낙으로 간주 되지 않으며 양당사자간의 권리를 침해하지 않는다는 규정이다.
③ 계반비용조항(Forwarding Charges Clause)은 담보 위험이 작용한 결과로써 피보험운송이 목적지 이외의 항구 또는 지역에서 종료될 경우에 해당 피보험목적의 양하․보관 및 증권에 기재된 목적지까지 계반을 위해 적절하게 합리적으로 지출한 일체의 추가비용을 피보험자에게 보상한다는 규정이다. 이 조항은 공동해손 및 구조비에도 적용되며, 또한 약관 제4조~제7조의 면책조항에서 규정한 면책사유의 적용을 받는다.
④ 항해변경조항(Change of Voyage Clause)은 보험이 개시된 후 피보험자에 의하여 목적지가 변경되는 경우에는 보험자에게 이러한 사실을 지체 없이 통지할 것을 조건으로 추후에 협정되는 보험료 및 보험조건에 의해 담보가 계속된다는 규정이다.",,X,4,,,0,,,,,,,,,,,,,
1265,ABANK-1265,중개사시험,09해상보험,미확인,,선택형,BD04,AD04,,"다음 중 국내 적하보험 계약실무상의 적용특칙 및 요율의 적용에 관한 설명으로 틀린 것은?
① Concealed Damage를 담보하는 계약에 대하여는 Deferred Unpacking Clause를 첨부하여 인수한다.
② 멸실 또는 손상된 화물에 부과된 관세를 담보하는 계약에 대하여는 Custom Duty Clause를 첨부하여 인수한다.
③ 해상 및 항공으로 복합운송하는 경우에는 해당 지역의 All Risk(Air) 요율을 적용한다.
④ 부선이 예인될 경우에는 공인된 검정인의 Towage Arrangement에 대한 사전승인을 받아야 한다.",,X,2,,,0,,,,,,,,,,,,,
1266,ABANK-1266,중개사시험,09해상보험,미확인,,선택형,BD04,AD04,,"다음 중 신협회적하보험약관(ICC, 1982) 제5조 불내항·부적합 면책조항(Unseaworthiness and Unfitness Exclusion Clause)에 관한 설명으로 틀린 것은?
① 선박의 내항성에 관하여는 본선 뿐만 아니라 부선까지 확대하여 적용된다.
② 화물운송의 적합성에 관하여는 선박에 한하여 적용되며 운송용구와 콘테이너 및 지게차(liftvan) 등에는 적용 되지 않는다.
③ 이 면책조항은 피보험자 또는 그 사용인이 항해의 개시시가 아니라 화물의 선적시에 해당 선박 등의 불내항 또는 부적합한 사실을 알고 있었을 경우에 한하여 적용된다.
④ 이 조항에 의해 보험자의 책임이 해제되는 경우에 모든 손해가 아닌 오직 불내항이나 부적합에 의해 발생한 멸실 등에 대해서만 보험자가 면책이다.",,X,1,,,0,,,,,,,,,,,,,
1267,ABANK-1267,중개사시험,09해상보험,미확인,,선택형,BD04,AD04,,"다음 중 우리 상법(제5편 해상편)에 규정된 개품운송에 관한 설명으로 틀린 것은?
① 선장은 법령 또는 계약을 위반하여 선적된 운송물은 언제든지 이를 양륙할 수 있고, 그 운송물이 선박 또는 다른 운송물에 위해를 미칠 염려가 있는 때에는 이를 포기할 수 있다.
② 송하인은 당사자 사이에 합의 또는 선적항의 관습에 의한 때와 곳에서 운송인에게 운송물을 제공하지 아니한 경우에는 계약을 해제한 것으로 본다.
③ 운송물의 도착통지를 받은 수하인은 당사자 사이의 합의 또는 양륙항의 관습에 의한 때와 곳에서 30일 이내에 운송물을 수령하여야 한다.
④ 송하인은 선적기간 이내에 운송에 필요한 서류를 선장에게 교부하여야 한다.",,X,2,,,0,,,,,,,,,,,,,
1268,ABANK-1268,중개사시험,09해상보험,미확인,,선택형,BD04,AD04,,"운송보험 보통약관 제4조(보험기간)에 명시된 바에 따르면 ‘보험의 목적이 보험증권에 기재된 도착지의 보관장소에 반입되기 전이라도 보험증권에 기재된 도착지의 보관 장소에 도착한 후 ( ) 시간이 경과한 때에 보험자의 책임이 종료한다’고 규정하고 있다. 다음 중 ( )안에 들어갈 숫자로 올바른 것은?
① 12
② 24
③ 48
④ 72",,X,4,,,0,,,,,,,,,,,,,
1269,ABANK-1269,중개사시험,09해상보험,미확인,,선택형,BD04,AD04,,"다음 중 운송보험의 추가약관 및 특별약관의 내용에 관한 설명으로 틀린 것은?
① 상표 등 추가약관 : 보험에 가입한 물건이 상표 등이 붙은 화물인 경우에 그 상표 등에 발생한 손해에 대하여는 상표 등의 대체비를 한도로 보상액을 결정한다.
② 자기화물운송 특별약관 : 보험계약자 및 피보험자가 자기화물을 자기소유의 차량으로 운송하는 도중에 생긴 손해에 대해서는 매 사고당 당해 운송용구에 적재된 화물의 보험가입금액의 일정 비율을 공제하는 조건으로 보상한다.
③ 공중운송위험담보 특별약관 : 보험의 목적을 육상으로 운송하는 도중 부득이 공중으로 운송하는 경우에 보험의 목적에 생긴 손해를 보통약관 및 기타 특별 약관에서 정하는 바에 따라 보상한다.
④ 화폐, 유가증권 등 추가약관 : 보험에 가입한 물건이 화폐, 유가증권, 귀금속 등인 경우 보험계약자 또는 그 피용자가 호송인을 붙이지 아니함으로써 발생한 손해를 보상한다.",,X,3,,,0,,,,,,,,,,,,,
1270,ABANK-1270,중개사시험,09해상보험,미확인,,선택형,BD04,AD04,,"선박의 수리는 통상적으로 객관적이고 합리적인 시기에 즉시 이루어져야 하지만 선주의 사정을 감안하여 보험자는 연기 수리를 인정하는 경우가 있다. 연기 수리를 인정할 수 있는 다음의 설명 중 틀린 것은?
① 수리를 연기하여 보험자의 비용부담이 절감되는 경우
② 사고장소에서 현실적으로 수리를 실시할 수 없는 경우
③ 확정된 스케줄에 따라 운항하는 정기선인 경우
④ 특별 수송기간이어서 운항을 중단할 수 없는 경우",,X,4,,,0,,,,,,,,,,,,,
1271,ABANK-1271,중개사시험,09해상보험,미확인,,선택형,BD04,AD04,,"① 983년 협회기간약관 – 선박 (ITC-Hulls) 제1조 항해 (Navigation)에서 허용하고 있는 항해의 범위에 해당하지 않는 것은?
② 선박소유자가 사전 결정한 계약에 따른 타선의 구조작업
③ 도선사의 승선 여부와 관계없이 항해
④ 시운전항해",,X,3,,,0,,,,,,,,,,,,,
1272,ABANK-1272,중개사시험,09해상보험,미확인,,선택형,BD04,AD04,,"① 983년 협회기간약관 – 선박 (ITC-Hulls)에서 규정하고 있는 보험료의 환급과 관련된 다음의 설명 중 틀린 것은?
② ITC-Hulls(1/10/83)의 제4조 (자동종료약관)에 의하여 보험기간 중 보험계약이 종료된 경우에는 잔여기간에 대하여 일할 순보험료(daily net premium)의 환급이 이루어진다.
③ 합의에 의해 보험이 해지된 경우에는 미경과월에 대하여 월할 순보험료(monthly net premium)의 환급이이루어진다.
④ 선박이 보험기간 중 승인된 계선구역에서 휴항 계선된 경우에는 30일 연속의 매기간에 대하여 기 정한 일정률의 보험료의 환급이 이루어진다.",,X,4,,,0,,,,,,,,,,,,,
1273,ABANK-1273,중개사시험,09해상보험,미확인,,선택형,BD04,AD04,,"보험가액과 보험금액을 1억원으로 하여 선체 및 기관보험 [ITC-Hulls-1/10/83]을 가입하면서 추가로증액 및 초과 책임보험[ITC-Hulls, Disbursement & Increased Value(Total Loss Only Including Excess Liabilities)-1/10/83]을 가입할 경우 보험가액과 보험금액의 최고 한도액으로 올바른 것은?
① 10,000,000원
② 15,000,000원
③ 20,000,000원
④ 25,000,000원",,X,1,,,0,,,,,,,,,,,,,
1274,ABANK-1274,중개사시험,09해상보험,미확인,,선택형,BD04,AD04,,"① 015년 새로 제정된 영국보험법(Insurance Act 2015)의 내용과 관련하여 담보(Warranty)에 대한 다음의 설명 중 틀린 것은?
② 보험기간 중 담보위반이 있었다 하더라도 담보 위반일 이전에 발생한 보험사고에 대해서는 보험자는 책임이 있다.
③ 보험사고 발생 시 담보위반이 있었다면 손해와 담보 위반사이에 인과관계의 성립 여부에 상관없이 보험자는 그러한 손해에 대해 보상 책임이 없다.
④ 담보위반이 있었다 하더라도 특정한 담보 조건을 충족 하는 것이 법률에 어긋나는 경우에는 보험자는 담보 위반을 이유로 책임을 면할 수 없다.",,X,2,,,0,,,,,,,,,,,,,
1275,ABANK-1275,중개사시험,09해상보험,미확인,,선택형,BD04,AD04,,"Incoterms(2010)상의 무역거래조건 중 송하인(Shipper)이 적하보험에 가입하는 조건은?
① EXW(Ex Works)
② FCA(Free Carrier)
③ FOB(Free On Board)
④ CIF(Cost, Insurance and Freight)",,X,3,,,0,,,,,,,,,,,,,
1276,ABANK-1276,중개사시험,09해상보험,미확인,,선택형,BD04,AD04,,"다음 중 해상고유의 위험(perils of the sea)에 관한 설명 으로 틀린 것은?
① 해상의 우연한 사고나 재해만을 말하며, 우연성이 없는 사고는 해상고유의 위험이 될 수 없다.
② 폭풍이나 악천후(heavy weather)의 경우는 예상외의 강도를 지닌 것이어야만 해상고유의 위험이 되는 것은 아니며, 비록 예상할 수 있었던 정도의 폭풍이나 악 천후라고 하더라도 해상고유의 위험이 된다.
③ 조수간만의 차가 있는 항구의 계류장소에 계류하고 있던 선박이 썰물로 인하여 좌초된 경우에는 해상고 유의 위험에 해당된다.
④ 해상고유의 위험에 대한 입증책임은 피보험자가 부담한다.",,X,4,,,0,,,,,,,,,,,,,
1277,ABANK-1277,중개사시험,09해상보험,미확인,,선택형,BD04,AD04,,"① 982년 협회전쟁약관(적하)[Institute War Clauses(cargo), 1982]의 제5조 제1항 제2호에 최종양하항 또는 양하 장소에 선박이 도착한 날의 자정부터 기산하여 ( )일이 경과할 때까지 적하의 양하가 이루어지지 않으면 이 보험은 종료한다고 규정하고 있다. 다음 중 ( )안에 들어갈 숫자로 올바른 것은 ?
② 10
③ 15
④ 30",,X,4,,,0,,,,,,,,,,,,,
1278,ABANK-1278,중개사시험,09해상보험,미확인,,선택형,BD04,AD04,,"구협회적하보험약관(ICC, 1963)의 제3조 부선조항 (Craft & C. Clause)에 관한 설명으로 틀린 것은 ?
① 본선까지의 부선(Craft, Raft or Lighter)에 의한 수송을 포함한다.
② 본선으로부터의 부선(Craft, Raft or Lighter)에 의한 수송을 포함한다.
③ 각 부선은 각각 별도로 보험에 가입한 것으로 간주한다.
④ 보험자에게 통지하지 않고 부선운송인의 책임을 면제 하는 계약을 체결하여서는 안된다.",,X,1,,,0,,,,,,,,,,,,,
1279,ABANK-1279,중개사시험,09해상보험,미확인,,선택형,BD04,AD04,,"구협회적하보험약관(ICC, 1963) 및 신협회적하보험약관 (ICC, 1982)상의 공동해손조항(General Average Clause)에 관한 설명으로 틀린 것은?
① 구협회적하보험약관(ICC, 1963)상의 공동해손조항은 공동해손의 지급근거를 외국정산서 또는 YAR이라고 구체적으로 명시하고 있으나 신협회적하보험약관 (ICC, 1982)에서는 해상운송계약이나 준거법 또는 관 습에 따른다고 규정하고 있다.
② 구협회적하보험약관(ICC, 1963)과 신협회적하보험약관 (ICC, 1982) 모두 공동해손조항에 공동해손 외에 구조 비용을 포함시켜 공동해손과 구조비용을 동일하게 취급하고 있다.
③ 신협회적하보험약관(ICC, 1982)상의 공동해손조항에 따르면 MIA(1906)에 규정된 바와 동일하게 피보험 위험을 피하기 위하여 발생한 것이 아니면 보험자는 어떠한 공동해손손해 또는 공동해손분담금에 대하여도 보상책임을 지지 않는다.
④ 구약관인 Institute Air Cargo Clause(All Risks)와 신 약관인 Institute Cargo Clause(Air) 모두 공동해손조 항을 규정하고 있지 않다.",,X,2,,,0,,,,,,,,,,,,,
1280,ABANK-1280,중개사시험,09해상보험,미확인,,선택형,BD04,AD04,,"신협회적하보험약관(ICC,1982)은 SG Policy를 사용하고 있지 않다. SG Policy 본문에서 명기하고 있던 “lost or not lost”의 효과 등을 유지하기 위하여 신협회적하보험 약관(ICC,1982)에 이를 흡수하여 규정한 조항은?
① 운송조항 (Transit Clause)
② 항해변경조항 (Change of Voyage Clause)
③ 피보험이익조항 (Insurable Interest Clause)
④ 피보험자의무조항 (Duty of Assured Clause)",,X,4,,,0,,,,,,,,,,,,,
1281,ABANK-1281,중개사시험,09해상보험,미확인,,선택형,BD04,AD04,,"밀폐되지 않은 컨테이너에 적입된 화물을 ICC(A)조건 으로 보험에 가입하였다. 이 화물이 갑판에 적재된 경우 On Deck Clause(B)에 의하여 보험조건이 변경된다. 동 특별약관에 명기되어 있는 변경된 보험조건은?
① ICC(B) including the risk of Washing Overboard
② ICC(B) including the risk of Jettison & Washing Overboard
③ ICC(C) including the risk of Washing Overboard
④ ICC(C) including the risk of Jettison & Washing Overboard",,X,3,,,0,,,,,,,,,,,,,
1282,ABANK-1282,중개사시험,09해상보험,미확인,,선택형,BD04,AD04,,"ICC(A) 조건에 파손(Breakage)을 담보하는 요율이 제외 되어 있는 적하이므로 추가보험료를 부담하고 ICC(A) Breakage in excess of 5% 조건으로 보험에 가입하였다. 운송인의 과실로 인하여 동 적하의7%가 파손(Breakage) 된 경우 보험자의 보상은?
① 12%
② 7%
③ 5%
④ 2%",,X,1,,,0,,,,,,,,,,,,,
1283,ABANK-1283,중개사시험,09해상보험,미확인,,선택형,BD04,AD04,,"운송보험에서 보험자의 책임이 개시된 후 사고가 발생 하기 전에 보험계약자나 피보험자의 책임없는 사유로 계약이 해지된 경우에 환급보험료는?
① 보험료 전액
② 보험료의 반액
③ 보험료의 30%에 해당하는 금액
④ 해지일자로부터 보험기간 종료시까지의 미경과기간에 대한 순보험료",,X,2,,,0,,,,,,,,,,,,,
1284,ABANK-1284,중개사시험,09해상보험,미확인,,선택형,BD04,AD04,,"운송보험에 대한 설명으로 틀린 것은?
① 보험자의 보장은 운송인이 운송할 목적으로 증권 상에 기재한 발송지의 보관장소(창고포함)의 울타리를 운송 차량이 벗어날 때 시작한다.
② 보험자의 보장은 증권 상에 기재한 목적지의 보관장 소(창고포함)에 반입(하역위험을 포함)이 되었을 때 종료된다.
③ 보험자의 보장은 증권 상에 기재한 목적지의 보관장 소(창고포함)에 반입되기 전이라도 보관장소(창고포 함)에 도착한 후 24시간이 경과한 때 종료된다.
④ 보험가입금액이 화물가액보다 낮을 경우 비례 보상한다.",,X,2,,,0,,,,,,,,,,,,,
1285,ABANK-1285,중개사시험,09해상보험,미확인,,선택형,BD04,AD04,,"B보험사에 1983년 협회기간약관-선박(ITC-Hulls)의 조건으로 보험에 가입된 A선주의 선박이 C선주의 선박과 충돌하는 사고가 발생하였고, 충돌사고의 준거법을 국내법으로 합의하였다. 이때 사고 시점을 기준으로 A선주의 B보험사에 대한 보험금청구권의 소멸시효와 C선주를 상대로 한 충돌손해배상청구권의 제척기간을 올바르게 짝지어 놓은 것은? (소멸시효, 제척기간)
① 3년, 1년
② 3년, 2년
③ 6년, 1년
④ 6년, 2년",,X,1,,,0,,,,,,,,,,,,,
1286,ABANK-1286,중개사시험,09해상보험,미확인,,선택형,BD04,AD04,,"다음 중 1994년 요크·앤트워프 규칙(YAR, 1994)에 따른 공동해손 성립요건을 충족시키지 못한 것은?
① 좌초된 선박을 부양하기 위하여 구조비가 발생한 경우
② 해상에서 선박의 기관 고장으로 안전항까지 선박이 예인된 경우
③ 선박내 화재를 진압하는 과정에서 소방수에 의해 적 재화물의 일부가 손상을 입은 경우
④ 항내에서 화물 선적 중 통상적인 점검 중 발견된 선 박의 프로펠러의 균열을 수리하기 위하여 당해 항에 서 상당기간 지연으로 인해 추가적인 항비가 발생한 경우",,X,4,,,0,,,,,,,,,,,,,
1287,ABANK-1287,중개사시험,09해상보험,미확인,,선택형,BD04,AD04,,"① 983년 협회기간약관-선박(ITC-Hulls)과 함께 사용되는 선박특별약관에 대한 설명 중 틀린 것은?
② Cargo Loading and Discharging Operation Clause는 해상에서 선박간 화물의 적양하 작업 중 발생하는 손해를 담보하지만, 작업기간이 7일을 초과하지 못하며 공제금액을 두배로 적용한다.
③ Institute Machinery Damage Additional Deductible Clause에 따른 추가 공제금액은 엔진 등 기계류의 단독해손에 적용되고, 선박보험의 기본 공제금액을 적용한 후 추가로 적용한다.
④ Small General Average Expenditure Clause는 일정금액 까지 화주 등 다른 이해관계자들의 공동해손분담금도 선박보험자가 보상할 수 있다.",,X,1,,,0,,,,,,,,,,,,,
1288,ABANK-1288,중개사시험,09해상보험,미확인,,선택형,BD04,AD04,,"다음 중 우리나라 현행 상법 해상편의 선박소유자 등의 책임제한 규정에 따라 선박소유자의 책임을 제한할 수 있는 채권은?
① 침몰선의 난파물 제거와 관련한 채권
② 유조선의 유류오염손해에 대한 채권
③ 본선의 선장 및 선원의 선박소유자에 대한 채권
④ 선박의 운항과 관련하여 발생한 승선 여객의 사망 또는 신체의 상해로 인한 손해에 관한 채권",,X,4,,,0,,,,,,,,,,,,,
1289,ABANK-1289,중개사시험,09해상보험,미확인,,선택형,BD04,AD04,,"다음 중 선박건조보험약관(Institute Clauses for Builders’ Risks, 1988)에서 별도의 추가특별약관을 붙이지 아니 하고 본 약관을 통해 담보 및 보상 받을 수 있는 사항이 아닌 것은?
① 조악한 설계(faulty design)로 인한 선체 일부의 손상
② 시운전 항해 중 발생한 충돌사고로 인한 선원의 상해
③ 시운전 항해 중 접촉사고로 인한 부표(buoy)의 손상에 대한 배상책임
④ 건조조선소를 기점으로 200miles 떨어진 지점까지 자력으로 왕복 시운전 항해",,X,2,,,0,,,,,,,,,,,,,
1290,ABANK-1290,중개사시험,09해상보험,미확인,,선택형,BD04,AD04,,"Incoterms(2010)의 CIF(Cost, Insurance and Freight) 거래조건에 관한 설명 중 틀린 것은?
① 보험은매수인또는기타피보험이익을갖는자가보험자에 게직접보험금을청구할수있는적하보험이어야한다.
② 보험은별도의약정이없는한협회적하약관(ICC) 가운데담보범위가가장넓은약관또는이와유사한 약관으로가입하여야한다.
③ 매수인의요청과매수인의추가보험료부담을조건으로 전쟁, 동맹파업, 폭동등을추가부보할수있어야한다.
④ 보험은물품대금(CIF)의110%를최소한도로하여 계약상의통화단위로가입하여야한다.",,X,3,,,0,,,,,,,,,,,,,
1291,ABANK-1291,중개사시험,09해상보험,미확인,,선택형,BD04,AD04,,"다음 중 ICC(FPA) 조건에서 보상이 되지 않는 것은?
① 강도(Thieves)로인한적하의전손
② 폭발(Explosion)로인한적하의단독해손
③ 투하(Jettison)로인한적하의단독해손
④ 좌초(Stranding)로인한적하의단독해손",,X,3,,,0,,,,,,,,,,,,,
1292,ABANK-1292,중개사시험,09해상보험,미확인,,선택형,BD04,AD04,,"송유관약관(B) [Pipeline Clause(B)]에서 보험증권에 기재된 선적항과 도착항에서의 보험의 시기와 종기로 옳은 것은?
① 선적항에서연안탱크의파이프연결점을통과한때부터 도착항에서수하주의또는다른연안탱크에하역된때까지
② 선적항에서연안탱크의파이프연결점을통과한때부터 도착항에서본선의상설호-스연결점을통과한때까지
③ 선적항에서본선의상설호-스연결점을통과한때부터 도착항에서수하주의또는다른연안탱크에하역된 때까지
④ 선적항에서본선의상설호-스연결점을통과한때부터 도착항에서본선의상설호-스연결점을통과한때까지",,X,4,,,0,,,,,,,,,,,,,
1293,ABANK-1293,중개사시험,09해상보험,미확인,,선택형,BD04,AD04,,"구협회적하보험약관(ICC, 1963)의 WA 조건에 대한 설명 중 틀린 것은?
① 면책률을초과하는손해는면책률을공제하지않고 전액보상한다.
② 선적, 양하그리고환적시의포장당전손은면책률에 관계없이전액보상된다.
③ 화재와폭발에기인한손해의경우에전액보상된다.
④ 공동해손이면책률이하인경우는보상되지않는다.",,X,4,,,0,,,,,,,,,,,,,
1294,ABANK-1294,중개사시험,09해상보험,미확인,,선택형,BD04,AD04,,"다음 중 우리 상법상 운송인의 면책사유가 아닌 것은?
① 불가항력
② 부적절한화물고박
③ 해적행위
④ 선박의숨은하자",,X,1,,,0,,,,,,,,,,,,,
1295,ABANK-1295,중개사시험,09해상보험,미확인,,선택형,BD04,AD04,,"다음 중 운송보험의 면책위험 중 특별약관으로도 보상 되지 않는 것은?
① 이사화물중에서독또는항아리, 병등의파손
② 보험계약자또는피보험자가자신의화물을자기소유의 차량으로운송도중발생된손해
③ 냉동냉장고및냉동냉장기계장치의파손이나고장으로 인한손해
④ 동맹파업, 태업, 작업장폐쇄, 폭동, 소요또는이와 유사한사건",,X,2,,,0,,,,,,,,,,,,,
1296,ABANK-1296,중개사시험,09해상보험,미확인,,선택형,BD04,AD04,,"FOB San Francisco 조건의 수입화물을 ICC(A) 조건으로 적하보험에 가입한 경우, 피보험자가 적하보험자로부터 보상받을 수 없는 것은?
① 운송선박이항해중충돌로인한화물의파손
② 운송선박이항해중악천후로인한화물의해수침 손해
③ 수입국인미국내에서내륙운송중운송용구의전복 으로인한화물의파손
④ 선적작업중화물이크레인에서본선으로추락하여 입은파손",,X,1,,,0,,,,,,,,,,,,,
1297,ABANK-1297,중개사시험,09해상보험,미확인,,선택형,BD04,AD04,,"다음 중 신협회적하보험약관(ICC,1982)에 관한 설명 중 틀린 것은?
① 적하보험개시시점은화물이운송을위해보험증권에 명기된지역의창고나보관장소를떠날때이다.
② 보험의목적을구조하고보호하거나, 회복할목적으로 피보험자나보험자에의해취해진조치는위부의 포기나승낙으로간주되지않으며, 양당사자간 권리를침해하지않는다.
③ 해상운송계약서상쌍방과실충돌조항(Both to Blame Collision Clause)에따라피보험자가부담하는금액 은보험증권상보상받을수있는손해에관한것 일지라도보상하지않는다.
④ 피보험자가손해발생시보험의목적에대해피보 험이익을가지고있으면피보험손해가보험계약 체결전에발생하였더라도피보험자가그사실을 알지못했을경우에는보상받을권리가있다.",,X,1,,,0,,,,,,,,,,,,,
1298,ABANK-1298,중개사시험,09해상보험,미확인,,선택형,BD04,AD04,,"운송보험 보통약관 제1조 보험계약의 성립에 관한 내용이다. ( ) 안에 알맞은 것은? 1조 보험계약의 성립
① 회사는 계약의 청약을 받고 보험료 전액(보험료를 일시에 지급하기로 약정한 경우) 또는 제1회 보험 료(보험료를 분납하기로 약정한 경우)(이하 ‘제1회 보 험료 등’이라 합니다)를 받은 경우에는 청약일로부터 (㉠) 승낙 또는 거절의 통지를 하여야 하며 통 지가 없으면 승낙한 것으로 봅니다. 또한 회사가 청약을 승낙한 때에는 (㉡) 이 보험증권(보험 가입증서)을 계약자에게 드립니다.
② ㉠10일이내에㉡10일이내에
③ ㉠30일이내에㉡10일이내에
④ ㉠10일이내에㉡지체없이",,X,3,,,0,,,,,,,,,,,,,
1299,ABANK-1299,중개사시험,09해상보험,미확인,,선택형,BD04,AD04,,"운송보험 보통약관에서 규정한 보험금 지급에 관한 설명중 틀린 것은?
① 보험자는보험가입금액이보험가액보다적을때 보험가입금액한도내에서손해액전액을지급한다.
② 보험자는보험가입금액이보험가액보다많다고해도 보험가액을초과하여손해액을지급하지않는다.
③ 보험가입금액은보험가액의한도내에서결정하며 보험자와합의하여도착으로얻을이익도보험가액에 포함시킬수있다.
④ 보험자는지급보험금에손해방지비용또는손해경감 비용을합한금액이보험가입금액을초과하더라도이를 지급해야한다.",,X,4,,,0,,,,,,,,,,,,,
1300,ABANK-1300,중개사시험,09해상보험,미확인,,선택형,BD04,AD04,,"① 983년 협회기간약관-선박(ITC-Hulls)상의 아래 약관조항중 최우선조항(Paramount Clause)에 해당하는 것은?
② 계속조항(Continuation)
③ 담보위반조항(Breach of Warranty)
④ 오염위험조항(Pollution Hazard)",,X,4,,,0,,,,,,,,,,,,,
1301,ABANK-1301,중개사시험,09해상보험,미확인,,선택형,BD04,AD04,,"① 983년 협회기간약관-선박(ITC-Hulls) 제8조 선박충돌배상 책임조항(3/4ths Collision Liability)에서 보험자가 보상하는 손해가 아닌 것은?
② 충돌한상대선박에적재되어있던재산의멸실이나 손상에대한배상책임손해
③ 충돌한상대선박에승선하여근무중이던선원의사망, 상해또는질병에대한배상책임손해
④ 충돌한상대선박의불가동으로인한사용이익상실에 대한배상책임손해",,X,1,,,0,,,,,,,,,,,,,
1302,ABANK-1302,중개사시험,09해상보험,미확인,,선택형,BD04,AD04,,"① 983년 협회기간약관-선박(ITC-Hulls) 제6조 위험조항 (Perils)에 열거된 위험가운데 피보험자, 선주, 관리자의 상당한 주의의무(Due Diligence) 결여로 인해 발생하지 않을 것을 조건으로 보험자가 담보하는 피보험위험들로만 올바르게 짝지어 놓은 것은?
② 좌초/화재및폭발
③ 해적행위/항공기나항만시설과의접촉
④ 보일러의파열/적하또는연료의적재, 양하또는이동 중사고",,X,2,,,0,,,,,,,,,,,,,
1303,ABANK-1303,중개사시험,09해상보험,미확인,,선택형,BD04,AD04,,"① 983년 협회기간약관-선박(ITC-Hulls) 제10조 사고통지 입찰조항(Notice of Claim and Tender)에 관한 다음의 설명 중 옳지 않은 것은?
② 피보험자는보험사고발생사실을보험자에게통지할 의무가있으며, 사고통지는보험자가손해검정을하기 이전에이루어져야한다.
③ 보험사고발생시선박이해외에있는경우에는그곳에서 가장가까운로이즈대리점에사고사실을통지하여야한다.
④ 보험자의요구로수리입찰에붙여지고, 입찰이낙찰 되었을경우에는입찰안내장발송시점부터낙찰일까지 소요기간에대하여보험금액의연30%의비율로 사용이익상실을보상한다.",,X,4,,,0,,,,,,,,,,,,,
1304,ABANK-1304,중개사시험,09해상보험,미확인,,선택형,BD04,AD04,,"우리나라 현행 상법 제5편 해상편에서는 “구조료청구권은 구조가 완료된 날로부터 ( ) 이내에 재판상 청구가 없으면 소멸”하고, “선박의 충돌로 인하여 생긴 손해배상의 청구권은 그 충돌이 있은 날로부터 ( ) 이내에 재판상 청구가 없으면 소멸”한다고 각각 규정하고 있다. ( ) 안에 들어갈 기간을 순서대로 올바르게 짝지어 놓은 것은?
① 2년, 2년
② 2년, 1년
③ 1년, 2년
④ 1년, 1년",,X,4,,,0,,,,,,,,,,,,,
1305,ABANK-1305,중개사시험,09해상보험,미확인,,선택형,BD04,AD04,,"신해상적하보험증권의 중요약관(Important Clause)에 관한 설명 중 틀린 것은?
① 서면의 해난보고서가 발급된 경우를 제외하고, 화물이 불명한 상태에 있으면 어떤 경우에도 무사고수취증 (clean receipt)를 교부해서는 아니된다.
② 화물이 컨테이너로 인도된 때 컨테이너 봉인이 파손된 경우 그 사실을 화물수취증에 기재하고 결함있는 봉인은 추후 확인을 위해 보존해야 한다.
③ 화물 인수당시 멸실이나 손상이 명백히 나타나지 않았다면 화물을 인수한 후 5일 이내에 운송인 또는 기타 수탁자에게 서면으로 사고발생 사실을 통보해야 한다.
④ 행방불명된 포장물품에 대하여 피보험자 또는 그 대리인은 운송인, 항만당국 또는 기타 수탁자에게 즉시 클레임을 청구해야 한다.",,X,3,,,0,,,,,,,,,,,,,
1306,ABANK-1306,중개사시험,09해상보험,미확인,,선택형,BD04,AD04,,"신협회적하보험약관(ICC,1982)의 제8조 운송약관(Transit Clause)상의보험시기와 종기에 관한 설명 중 틀린 것은?
① 화물이 송하인의 창고 내에서 차량에 선적하기 위해 이동될 때 개시된다.
② 증권상 목적지의 수하주 창고에 인도될 때 종료된다.
③ 목적지 여부와 관계없이 피보험자가 통상의 수송 과정을 벗어난 보관을 위하여 택한 창고에 인도될 때에도 종료된다.
④ 최종 양하항에서 외항선으로부터 양하완료 후 60일이 경과될 때에도 종료된다.",,X,3,,,0,,,,,,,,,,,,,
1307,ABANK-1307,중개사시험,09해상보험,미확인,,선택형,BD04,AD04,,"신협회적하보험약관(ICC,1982)상 위험의 변동이 허용 되거나 “계속담보를 받는(held covered)” 사유가 아닌 것은?
① 보험개시 후 목적지가 피보험자에 의하여 변경
② 피보험자의 좌우 여부를 불문한 항해의 지연
③ 부득이한 양하
④ 해상운송계약상 선주 또는 용선자에게 부여된 자유 재량권의 행사에 따른 위험의 변경",,X,3,,,0,,,,,,,,,,,,,
1308,ABANK-1308,중개사시험,09해상보험,미확인,,선택형,BD04,AD04,,"ICC(A), (B), (C)조건에서 공통으로 담보되는 위험이 아닌것은?
① 공동해손희생
② 조난항에서의 적하의 양하
③ 파도에 의한 갑판상의 유실
④ 선박의 좌초, 교사, 침몰 또는 전복 □보험의 목적 : 공장건물 □보험가액 : 1억원 □보험가입금액 : 8천만원 □손해액 : 3천만원 □잔존물제거비용 : 4백만원",,X,2,,,0,,,,,,,,,,,,,
1309,ABANK-1309,중개사시험,09해상보험,미확인,,선택형,BD04,AD04,,"ICC(A) 제4조 일반면책약관(General Exclusions Clause)에 관한 설명 중 틀린 것은?
① 보험의 목적의 포장 또는 준비의 불완전 또는 부적합 으로 인하여 발생한 멸실은 담보하지 않는다.
② 피보험자 이외의 여하한 자의 불법행위에 의한 고의적인 손상은 담보하지 않는다.
③ 본선 소유자의 재정상의 채무불이행으로부터 생긴 멸실은 담보하지 않는다.
④ 피보험위험으로 인하여 발생된 지연을 근인하여 발생한 멸실은 담보하지 않는다.",,X,4,,,0,,,,,,,,,,,,,
1310,ABANK-1310,중개사시험,09해상보험,미확인,,선택형,BD04,AD04,,"구협회적하보험약관(ICC, 1963)에서 적하보험에 가입되어 있다는 이유로 운송인 또는 기타의 수탁자에게 유리 하게이용되어서는 안 된다는 것을 규정한 약관은?
① 피보험이익약관(Insurable Interest Clause)
② 피보험자의무약관(Duty of Assured Clause)
③ 포기약관(Waiver Clause)
④ 보험이익불공여약관(Not to Inure Clause)",,X,2,,,0,,,,,,,,,,,,,
1311,ABANK-1311,중개사시험,09해상보험,미확인,,선택형,BD04,AD04,,"해상운송인의 책임에 관한 규칙이 아닌 것은?
① 헤이그(Hague)규칙
② 헤이그 비스비(Hague-Visby)규칙
③ 요크 앤트워프(York-Antwerp)규칙
④ 함부르크(Hamburg)규칙",,X,4,,,0,,,,,,,,,,,,,
1312,ABANK-1312,중개사시험,09해상보험,미확인,,선택형,BD04,AD04,,"상법 해상편의 선하증권에 관한 조항의 내용 중 틀린 것은?
① 선하증권을 선의로 취득한 소지인에 대해 운송인은 선하증권에 기재된 바에 따라 운송인으로서 책임을진다.
② 발행된 수통의 선하증권 중 1통의 소지인이 운송물을 인도받은 때라도 다른 선하증권은 효력을 가진다.
③ 2인 이상의 선하증권 소지인이 운송물의 인도를 청구한 때에는 선장은 지체 없이 운송물을 공탁 하고 각 청구자에게 그 통지를 발송하여야 한다.
④ 운송인은 용선자 또는 송하인의 청구가 있으면 선하증권을 발행하는 대신 해상화물운송장을 발행 할 수 있다.",,X,2,,,0,,,,,,,,,,,,,
1313,ABANK-1313,중개사시험,09해상보험,미확인,,선택형,BD04,AD04,,"운송보험 보통약관의 청약 철회에 관한 규정의 일부이다. ( ) 안에 알맞은 것은?
① 계약자는 보험증권을 받은 날부터 ( )일 이내에 그 청약을 철회할 수 있습니다. 다만, 보험기간이 1년 미만인 계약 또는 전문보험계약자가 체결한 계약은 청약을 철회할 수 없습니다.
② 7
③ 10
④ 15",,X,3,,,0,,,,,,,,,,,,,
1314,ABANK-1314,중개사시험,09해상보험,미확인,,선택형,BD04,AD04,,"운송보험의 전부손해 및 일부손해담보 조건에서 보상 하지 않는 것은?
① 운송용구의 전복으로 생긴 보험 목적물의 일부손해
② 운송용구의 도난으로 생긴 보험 목적물의 전부손해
③ 운송용구의 충돌로 생긴 보험 목적물의 일부손해
④ 운송용구의 화재로 생긴 보험 목적물의 일부손해",,X,1,,,0,,,,,,,,,,,,,
1315,ABANK-1315,중개사시험,09해상보험,미확인,,선택형,BD04,AD04,,"우리나라 현행 상법 제5편 해상편 제875조(공동해손 채권의 소멸)에 의하면 ‘공동해손으로 인하여 생긴 채권은 ( )한 날로부터 ( )년 이내에 재판상 청구가 없으면 소멸한다’고 규정하고 있다. 다음 중 위 ( )안에 들어갈 내용을 순서대로 올바르게 짝지어 놓은 것은?
① 공동해손을 선포, 1년
② 공동해손을 선포, 2년
③ 공동해손 계산이 종료, 1년
④ 공동해손 계산이 종료, 2년",,X,4,,,0,,,,,,,,,,,,,
1316,ABANK-1316,중개사시험,09해상보험,미확인,,선택형,BD04,AD04,,"다음 중 국내에서 사용하고 있는 ITC-Hulls(1983) FPL unless etc. 조건하에서 보상하지 않는 손해는?
① 좌초(Stranding)로 인한 분손
② 폭발(Explosion)로 인한 분손
③ 빙산과의 접촉(Contact with Ice)으로 인한 분손
④ 악천후(Heavy Weather)로 인한 분손",,X,2,,,0,,,,,,,,,,,,,
1317,ABANK-1317,중개사시험,09해상보험,미확인,,선택형,BD04,AD04,,"협회기간약관-선박(ITC-Hulls,1983) 제4조 종료조항 (Termination)에서 규정하고 있는 보험계약의 자동 종료 사유가 아닌 것은?
① 선급(Class)의 변경
② 항해용선계약(Voyage Charterparty)의 체결
③ 선박관리자(Manager)의 변경
④ 선박소유자(Owner)의 변경",,X,2,,,0,,,,,,,,,,,,,
1318,ABANK-1318,중개사시험,09해상보험,미확인,,선택형,BD04,AD04,,"① 983년 협회기간약관-선박(ITC-Hulls)에 관한 다음의 설명중 옳지 않은 것은?
② 보험의 만기시에 선박이 항해 중, 조난 중 또는 피난항 이나 기항항에 있는 경우에는 보험자에게 사전통지가 주어지는 조건으로 월할보험료로써 목적항에 도착 할 때까지 계속 담보된다.
③ 선박이 해체 또는 해체를 위한 매각을 위해 항해하는 경우, 그러한 항해에 부수하여 발생하는 선박의 멸실 및 손상과 충돌배상책임에 대한 보상은 선박의 고철가액을 한도로 보상한다.
④ 선박은 예인되어서는 안 되지만, 구조의 필요상 최초 안전항까지의 피예인 또는 화물의 적재와 양하에 관련된 관습적인 피예인은 허용된다.",,X,2,,,0,,,,,,,,,,,,,
1319,ABANK-1319,중개사시험,09해상보험,미확인,,선택형,BD04,AD04,,"다음 중 영국해상보험법(MIA,1906)에 규정된 위부 (Abandonment)에 대한 설명으로 올바른 것은?
① 위부의 통지가 보험자에 의해서 일단 승낙이 되면 위부는 철회할 수 없다.
② 보험자와의 분쟁을 방지하기 위하여 위부는 반드시 서면으로 통지되어야 한다.
③ 유효한 위부가 있을 경우에는 보험자는 보험목적에 남아있는 피보험자의 일체의 이익과 보험목적에 부수하는 모든 소유권을 당연히 승계한다.
④ 위부는 해상보험에만 존재하는 것으로서 현실전손의 처리를 위해서 반드시 필요하다.",,X,3,,,0,,,,,,,,,,,,,
1320,ABANK-1320,중개사시험,09해상보험,미확인,,선택형,BD04,AD04,,"Incoterms(2020)상의 무역거래조건 중 매도인(seller)으로 부터 매수인(buyer)에게 위험이 전가되는 시점이 나머지 3가지의 무역거래조건과 다른 것은 ?
① FAS
② FOB
③ CFR
④ CIF",,X,1,,,0,,,,,,,,,,,,,
1321,ABANK-1321,중개사시험,09해상보험,미확인,,선택형,BD04,AD04,,"신협회적하보험약관(ICC,1982)에서 손해방지비용(Sue & Labor Charge)을 보상한다는 내용이 포함된 조항은?
① 포기조항(Waiver Clause)
② 피보험자의무조항(Duty of Assured Clause)
③ 보험이익불공여조항(Not to Inure Clause)
④ 계반비용조항(Forwarding Charges Clause)",,X,3,,,0,,,,,,,,,,,,,
1322,ABANK-1322,중개사시험,09해상보험,미확인,,선택형,BD04,AD04,,"ICC(C)조건에서 담보되는 위험은 ?
① 지진
② 선박에 해수의 유입
③ 육상운송용구의 전복
④ 선박에 선적작업 중 해수면으로 추락하여 발생한 포장당 전손",,X,4,,,0,,,,,,,,,,,,,
1323,ABANK-1323,중개사시험,09해상보험,미확인,,선택형,BD04,AD04,,"신협회적하보험약관(ICC,1982)에서 “보험의 목적에 대하여 피보험자가 아닌 어떤 자의 불법행위에 의한 의도적인 손상 또는 파괴로 인한 손해”의 담보에 관한 설명으로 옳은 것은?
① ICC(A), (B), (C)조건에서 모두 담보된다.
② ICC(A)조건에서만 담보된다.
③ ICC(A), (B)조건에서 담보된다.
④ ICC(A), (B), (C)조건에서 모두 면책된다.",,X,2,,,0,,,,,,,,,,,,,
1324,ABANK-1324,중개사시험,09해상보험,미확인,,선택형,BD04,AD04,,"적하보험 인수 시 Country Damage Clause를 첨부하는 화물은 다음 중 어떤 것인가?
① 원면(Raw cotton)
② 원유(Crude oil)
③ 원당(Raw sugar)
④ 광산물(Minerals)",,X,4,,,0,,,,,,,,,,,,,
1325,ABANK-1325,중개사시험,09해상보험,미확인,,선택형,BD04,AD04,,"피보험자가 좌우할 수 없는 사정으로 운송계약이 보험 증권에 기재된 목적지 이외의 항구에서 종료되었고 이 러한 운송계약종료 사실이 보험자에게 통보되어 담보 기간의 연장없이 계속 담보가 승락되었다. 이 경우에 신협회적하보험약관(ICC,1982)의 운송계약종료조항에 따라 보험이 종료되는 때는 다음 중 어떤 것인가?
① 화물이 이 항구에 도착된 후 매각되어 인도되지 않은 채 90일이 경과한 때
② 화물이 이 항구에 도착된 후 30일이 경과된 날에 매각되어 인도된 때
③ 화물이 이 항구에서 60일 기간 내에 보험증권에 기재된 목적지로 운송이 개시된 때
④ 화물이 이 항구에 도착된 후 30일이 경과된 때",,X,1,,,0,,,,,,,,,,,,,
1326,ABANK-1326,중개사시험,09해상보험,미확인,,선택형,BD04,AD04,,"① 982년 협회전쟁약관(적하) [IWC(Cargo),1982]에 규정 하고 있지 않은 조항은 ?
② 증액조항(Increased Value Clause)
③ 공동해손조항(General Average Clause)
④ 계반비용조항(Forwarding Charges Clause)",,X,3,,,0,,,,,,,,,,,,,
1327,ABANK-1327,중개사시험,09해상보험,미확인,,선택형,BD04,AD04,,"상법 제797조(책임의 한도)
① 제794조부터 제796조까 지의 규정에 따른 운송인의 손해배상의 책임은 당해 운송물의 매 포장당 또는 선적단위당 666과 100분의 67 계산단위의금액과 중량 1킬로그램당 ( ) 계산단위의 금액 중 큰 금액을 한도로 제한할 수 있다는 규정에서 ( ) 안에 들어갈 숫자로 알맞은 것은 ?
② 
③ 
④ ",,X,1,,,0,,,,,,,,,,,,,
1328,ABANK-1328,중개사시험,09해상보험,미확인,,선택형,BD04,AD04,,"운송보험의 보험금 지급에 관한 약관의 일부이다. ( ) 안에 들어갈 숫자로 알맞은 것은? 피보험자가 보험금을 청구하였을 때는 회사는 지체없이 지급할 보험금을 결정하고 지급할 보험금이 결정되면 ( )일 이내에 이를 지급하여 드립니다.
① 
② 
③ 10
④ 14",,X,3,,,0,,,,,,,,,,,,,
1329,ABANK-1329,중개사시험,09해상보험,미확인,,선택형,BD04,AD04,,"운송보험에 관한 설명 중 틀린 것은 ?
① 보험의 목적을 양도할 때는 그 사실을 지체 없이 보험자 에게 알리고 보험증권에 확인을 받아야 한다.
② 피보험자가 고의 또는 중대한 과실로 손해방지의무를 게을리한 때에는 방지 또는 경감할 수 있었을 것으로 밝혀진 금액을 손해액에서 차감한다.
③ 전부손해보상조건에서는 하역 중에 보험의 목적의 추락 으로 생긴 매 개당 전부손해도 보상한다.
④ 피보험자가 자기화물을 자기소유의 차량으로 운송하는 도중에 생긴 손해는 특별약관으로도 보상될 수 없다.",,X,2,,,0,,,,,,,,,,,,,
1330,ABANK-1330,중개사시험,09해상보험,미확인,,선택형,BD04,AD04,,"협회기간약관-선박(ITC-Hulls, 1983)에서 다른 당사자에 대해 공동해손분담 청구권을 행사하기 전에 보험자로 부터 손해 전액을 보상받을 수 있는 공동해손손해에 해당하는 것은?
① 좌초 후 이초 과정에서 발생한 기계 및 보일러의 손상
② 구조를 위해 발생한 예인비
③ 다른 비용을 대신하여 지출된 추가비용
④ 피난항에서 발생한 입항비 및 항구사용료",,X,2,,,0,,,,,,,,,,,,,
1331,ABANK-1331,중개사시험,09해상보험,미확인,,선택형,BD04,AD04,,"협회기간약관-선박(ITC-Hulls, 1983)에 관한 설명 중 잘못된 것은?
① 담보기간 중 미수리 손상 상태에서 다른 사고로 인한 전손이 발생하면 해당 미수리 손상은 보상되지 않는다.
② 선박이 항해 중이거나 조난 중에 보험이 만기된 경우 선박이 목적항에 도착할 때까지 일할 보험료로 담보가 계속된다.
③ 선박을 수선할 때 낡은 부품을 신품으로 바꾸게 될 경우에 신구교환 차액의 공제없이 보상한다.
④ 보험자에게 사전 통지없이 선박이 해체될 목적으로 항해 중 전손이 되었다면, 보험자는 손해발생 시점에서 해체선의 시장가액을 한도로 보상한다.",,X,3,,,0,,,,,,,,,,,,,
1332,ABANK-1332,중개사시험,09해상보험,미확인,,선택형,BD04,AD04,,"선박이 단독해손을 입고 수리된 경우에 보험자가 보상 하는 손해배상액은 보험가입금액을 한도로 하여 실제로 지출된 합리적인 수리비(reasonable cost of repairs)이다. 다음 중 합리적인 수리비의 일부로 처리되는 부수적인 비용에 해당하지 않는 것은?
① 수리자금 송금비용(cost of remitting funds) 및 환율 (rate of exchange)
② 선박부품에 대한 항공수송운임(air freight)
③ 선주의 공무감독비용(cost of owner's superintendence)
④ 클레임의 입증비용과 대리점수수료(cost of claim proof and agency commission)",,X,2,,,0,,,,,,,,,,,,,
1333,ABANK-1333,중개사시험,09해상보험,미확인,,선택형,BD04,AD04,,"우리나라 상법 제5편 제5절 선박담보에서 규정하고 있는 선박 우선특권에 대한 설명 중 잘못된 것은?
① 선박채권자의 우선특권은 질권과 저당권에 우선한다.
② 선박 우선특권에 대한 규정은 건조 중의 선박에도 준용한다.
③ 선박채권자의 우선특권은 그 채권이 생긴 날로부터 2년 이내에 실행하지 아니하면 소멸한다.
④ 선박채권자의 우선특권은 그 선박 소유권의 이전으로 인하여 영향을 받지 아니한다.",,X,4,,,0,,,,,,,,,,,,,
1334,ABANK-1334,중개사시험,09해상보험,미확인,,선택형,BD04,AD04,,"협회기간약관-선박(ITC-Hulls, 1983) 제12조 공제액조항 (Deductible)에의해 보험자의 지급보험금 산정 시 공제 금액이 적용되는 것은?
① 현실전손이나 추정전손에 대한 보험금
② 손해방지행위가 성공하여 전손을 방지한 경우의 손해 방지비용
③ 손해방지행위가 성공하지 못하여 전손이 된 경우의 손해방지비용
④ 좌초 후에 선저검사를 실시하였으나 실제 손상이 발견되지 않은 경우의 합리적으로 지출된 선저검사 비용",,X,4,,,0,,,,,,,,,,,,,
1335,ABANK-1335,중개사시험,09해상보험,미확인,,선택형,BD04,AD04,,"Incoterms(2020)상의 무역거래조건 중 당사자간 별도의 합의가 없을 경우 매도인이 적하보험에 가입해야 하는 조건은?
① CPT
② FCA
③ CIP
④ EXW",,X,1,,,0,,,,,,,,,,,,,
1336,ABANK-1336,중개사시험,09해상보험,미확인,,선택형,BD04,AD04,,"다음 중 공동해손선포와 관련하여 적하이해관계자가 공동해손정산인에게 제출해야 할 서류가 아닌 것은?
① Stowage Plan
② Lloyd’s Average Bond
③ Average Guarantee
④ Commercial Invoice",,X,2,,,0,,,,,,,,,,,,,
1337,ABANK-1337,중개사시험,09해상보험,미확인,,선택형,BD04,AD04,,"다음 중 우리 상법상 해상운송계약의 종료사유에 해당되지 않는 것은?
① 선박이 침몰한 때
② 선박이 손상을 입어 상당기간 운송의 지연이 불가피한 때
③ 운송물이 불가항력으로 인하여 멸실된 때
④ 선박이 포획된 때",,X,2,,,0,,,,,,,,,,,,,
1338,ABANK-1338,중개사시험,09해상보험,미확인,,선택형,BD04,AD04,,"다음 중 ICC(A) 조건에서만 담보되고 ICC(B)와 ICC(C) 조건에서는 담보되지 않는 위험은?
① 육상운송용구의 전복 또는 탈선(overturning or derailment of land conveyance)
② 도난, 발하, 불착손(theft, pilferage and non-delivery)
③ 피난항에서의 화물의 하역(discharge of cargo at a port of distress)
④ 화재 또는 폭발(fire or explosion)",,X,4,,,0,,,,,,,,,,,,,
1339,ABANK-1339,중개사시험,09해상보험,미확인,,선택형,BD04,AD04,,"다음 중 신협회적하보험약관(ICC, 1982)의 담보 내용에 관한 설명으로 틀린 것은?
① ICC(A) 조건에서 우·담수 손해(Rain and/or Fresh Water Damage)를 담보한다.
② ICC(B) 조건에서 화산의 분화, 낙뢰 위험을 담보한다.
③ ICC(A) 조건에서 습기와 열에 의한 손해(Sweat & Heating Damage)를 담보한다.
④ ICC(C) 조건에서 본선, 부선으로의 하역작업 중 바다에 떨어지거나 갑판에 추락한 매 포장당 전손을 담보한다.",,X,2,,,0,,,,,,,,,,,,,
1340,ABANK-1340,중개사시험,09해상보험,미확인,,선택형,BD04,AD04,,"① 009년 협회적하약관의 운송조항(Transit Clause)에서 보험이 개시되는 시점에 관한 내용 중 옳은 것은?
② 운송을 위하여 포장할 때
③ 운송개시를 위하여 최초로 이동할 때
④ 운송선에 선적을 개시할 때",,X,4,,,0,,,,,,,,,,,,,
1341,ABANK-1341,중개사시험,09해상보험,미확인,,선택형,BD04,AD04,,"다음 중 ICC(B) 조건에서는 보상이 가능하나 ICC(FPA) 조건에서는 보상이 되지 않는 손해는?
① 도난으로 인한 화물의 전손
② 선적, 하역작업 중의 포장당 전손
③ 악천후로 인한 화물의 전손
④ 지진으로 인한 화물의 전손",,X,3,,,0,,,,,,,,,,,,,
1342,ABANK-1342,중개사시험,09해상보험,미확인,,선택형,BD04,AD04,,"보험증권의 해석에 관한 규칙(RCP)의 용어 설명 중 틀린 것은?
① 해적(pirates)은 폭동을 일으킨 승객을 포함한다.
② 해상고유의 위험(perils of the seas)에는 바람과 파도의 통상적인 작용은 포함하지 않는다.
③ 공동해손이 아닌 해손(average unless general)은 단독비용을 포함하지 않는다.
④ 그 밖의 일체의 위험(all other perils)은 면책위험 이외의 모든 위험을 말한다.",,X,2,,,0,,,,,,,,,,,,,
1343,ABANK-1343,중개사시험,09해상보험,미확인,,선택형,BD04,AD04,,"다음 중 운송보험의 계약체결 이후 보험자가 계약을 해지할 수 있는 경우가 아닌 것은?
① 상당한 이유없이 보험의 목적물의 운송적재상태에 대한 보험자의 조사를 거부 또는 회피한 경우
② 보험가액이 상당히 증가하였음에도 불구하고 이에 대한 알릴 의무를 이행하지 아니하였을 경우
③ 계약 전 보험계약청약서 등에서 질문한 사항에 대하여 알릴 의무를 이행하지 아니하였을 경우
④ 계약 후 위험이 뚜렷하게 증가하였음에도 불구하고 이에 대한 알릴 의무를 이행하지 아니하였을 경우",,X,2,,,0,,,,,,,,,,,,,
1344,ABANK-1344,중개사시험,09해상보험,미확인,,선택형,BD04,AD04,,"다음의 운송보험에 대한 설명 중 옳은 것은?
① 보험계약자 및 피보험자는 화물 운송인이다.
② 화물가액의 한도 내에서 운송화물로 인한 제3자에 대한 배상책임도 보상이 가능하다.
③ 보험의 목적은 운송화물로서 화물 자체에 대한 보험이다.
④ 화물의 육상, 해상 및 항공운송 도중에 발생한 손해를 보상한다.",,X,4,,,0,,,,,,,,,,,,,
1345,ABANK-1345,중개사시험,09해상보험,미확인,,선택형,BD04,AD04,,"협회기간약관-선박(ITC-Hulls 1983) 제18조 미수리손상 (Unrepaired Damage)에 관한 설명 중 잘못된 것은?
① 미수리손상의 보상액은 그러한 미수리손상으로 인한 이 보험종료시점에서의 선박 시장가액의 합리적인 감가액으로 한다.
② 미수리손상의 보상액은 합리적인 수리비를 초과하지 아니한다.
③ 미수리손상이 발생한 사고 이후에 이 보험기간 중 또는 그 연장기간 중에 전손이 발생하면 미수리손상은 보상 하지 아니한다.
④ 보험자는 미수리손상에 대하여 이 보험종료시점에서의 보험가액을 초과하더라도 보상해야한다.",,X,3,,,0,,,,,,,,,,,,,
1346,ABANK-1346,중개사시험,09해상보험,미확인,,선택형,BD04,AD04,,"보험가입금액을 외화로 체결하는 선박보험계약에서 원화로 보험금의 지급을 약정하는 선박보험의 특별약관은?
① Loss Payable Clause
② Special Clause for Settlement of Claims of Local Repairs
③ Institute Additional Perils Clause
④ Full Premium if Lost Clause",,X,4,,,0,,,,,,,,,,,,,
1347,ABANK-1347,중개사시험,09해상보험,미확인,,선택형,BD04,AD04,,"협회 전쟁 및 동맹파업약관[Institute War & Strikes Clauses(Hulls-Time)]에 대한 설명으로 올바른 것은?
① 피보험 선박에 대한 적대적 의도가 없었던 경우에 한하여 핵폭탄의 폭발에 의한 선체 손상은 약관상 담보된다.
② 미국과 이탈리아 간의 전쟁발생으로 발생한 손해는 약관상 보상되지 아니한다.
③ 해상에서 해적(Piracy)의 공격에 의한 선체 손상은 약관상 담보된다.
④ 포획, 나포 등으로 연속된 12개월 이상 선박의 사용권과 처분권을 상실한 경우 약관상 추정전손으로 처리된다.",,X,4,,,0,,,,,,,,,,,,,
1348,ABANK-1348,중개사시험,09해상보험,미확인,,선택형,BD04,AD04,,"다음 중 ‘per ton․per value 방식’에 의한 선박보험요율 산정에 관한 설명으로 잘못된 것은?
① 기본적으로 신규로 부보하는 선박의 요율산정에 사용되는 방식이다.
② 전손보험료와 분손보험료를 합산한 총보험료를 협정 보험가액에 대한 비율로 계산하여 보험요율을 산출한다.
③ 전손보험요율은 백분율(%)로 표시하고, 이를 톤수에 곱하여 전손보험료를 산출한다.
④ 톤수의 기준으로는 보통 DWT(Dead Weight Tonnage)를 사용하고 있다.",,X,4,,,0,,,,,,,,,,,,,
1349,ABANK-1349,중개사시험,09해상보험,미확인,,선택형,BD04,AD04,,"우리나라 현행 상법 제5편 해상편 제744조(선박의 압류ㆍ 가압류)의 규정이다. 다음 중 ( )안에 들어갈 숫자로 올바른 것은? 제744조(선박의 압류ㆍ가압류)
① 항해의 준비를 완료한 선박과 그 속구는 압류 또는 가압류를 하지 못한다. 다만, 항해를 준비하기 위하여 생긴 채무에 대하여는 그러하지 아니하다.
② 제1항은 총톤수 ( )톤 미만의 선박에는 적용하지 아니한다.
③ 10
④ 20",,X,4,,,0,,,,,,,,,,,,,
1350,ABANK-1350,중개사시험,09해상보험,미확인,,선택형,BD04,AD04,,"Incoterms(2020)상의 무역거래조건 중 해상운송 과정의 위험에 대한 적하보험을 매수인이 가입해야 하는 조건은?
① DPU
② DDP
③ FAS
④ CIF",,X,2,,,0,,,,,,,,,,,,,
1351,ABANK-1351,중개사시험,09해상보험,미확인,,선택형,BD04,AD04,,"다음 중 신협회적하보험약관(ICC, 1982)의 (B)조건에서는 담보되고, (C)조건에서는 담보되지 않는 위험이 아닌 것은?
① 지진(Earthquake), 분화(Volcanic eruption), 낙뢰(Lightning)
② 투하(Jettison)
③ 갑판유실(Washing overboard)
④ 선박 또는 보관장소에 해수(Sea), 호수(Lake) 또는 강물의 유입",,X,1,,,0,,,,,,,,,,,,,
1352,ABANK-1352,중개사시험,09해상보험,미확인,,선택형,BD04,AD04,,"적하보험의 특별약관에 대한 설명 중 틀린 것은?
① Rejection Clause – 수입통관거부 위험을 담보하는 특별약관
② Country Damage Clause – 원면의 원산지 손해를 보상해 주는 특별약관
③ Refrigerating Machinery Clause – 냉동기계 운송 시 첨부되는 특별약관
④ Custom Duty Clause – 수입관세 상의 손실을 보상해 주는 특별약관 □보험의 목적 : 상가내 판매상품 □보험가입금액 : 9천만원 □보험가액 : 1억원 □손 해 액 : 9천만원 □손해방지비용 : 2천만원",,X,2,,,0,,,,,,,,,,,,,
1353,ABANK-1353,중개사시험,09해상보험,미확인,,선택형,BD04,AD04,,"신협회적하보험약관(ICC, 1982)의 (A)조건에서는 보상이 가능하지만 구협회적하보험약관(ICC, 1963)의 All Risks 조건에서는보상되지 않는 손해는?
① 해적위험
② 선박소유자의 파산으로 인하여 운송이 중간항에서 종료된 경우 최종 목적지까지의 계반비용
③ 피보험위험으로 인하여 발생한 지연에 근인하여 발생한 손상
④ 포장불충분으로 인하여 발생한 손해",,X,3,,,0,,,,,,,,,,,,,
1354,ABANK-1354,중개사시험,09해상보험,미확인,,선택형,BD04,AD04,,"다음 중 신협회적하보험약관(ICC, 1982)에 관한 설명 중 틀린 것은?
① 적하의 추정전손은 보험목적물의 회복금액과 계반비용 등의 합계가 목적지에 도착했을 때 피보험목적물의 가액을 초과할 것 같은 경우이다.
② 보험이익불공여약관(Not to Inure Clause)은 보험이 운송인 및 기타의 수탁자에게 유리하게 이용되어서는 안된다는 규정이다.
③ 포기약관(Waiver Clause)은 보험의 목적을 구조하고 보호하거나, 회복할 목적으로 피보험자나 보험자에 의해 취해진 조치는 위부의 포기나 승낙으로 간주되지 않는다는 규정이다.
④ ICC(A)조건인 경우에 면책위험에 기인된 항해중단의 경우 라도목적지까지의 계반비용(Forwarding Charge)은 보상된다.",,X,2,,,0,,,,,,,,,,,,,
1355,ABANK-1355,중개사시험,09해상보험,미확인,,선택형,BD04,AD04,,"다음 중 ICC(WA)조건에서는 보상이 가능하나 ICC(B) 조건에서는 보상이 되지 않는 손해는?
① 하역작업 중 해상으로 추락하여 발생한 포장단위 당 화물의 전손
② 파도에 의한 화물의 갑판 유실
③ 황천으로 인하여 화물의 선창 내 이동으로 인한 전손
④ 피난항에서 화물의 하역에 기인하여 발생한 화물의 분손",,X,1,,,0,,,,,,,,,,,,,
1356,ABANK-1356,중개사시험,09해상보험,미확인,,선택형,BD04,AD04,,"영국해상보험법(Insurance Act 2015 포함)에서 규정하고 있는 담보(Warranty)에 관한 설명 중 옳은 것은?
① 적하보험의 경우 화물이 감항성을 갖추어야 한다는 묵시적 담보가 있다.
② 담보위반이 있었으나 손해발생 이전에 그 위반이 교정된 경우라 하더라도 피보험자는 담보가 충족되었다는 항변을 할 수 없다.
③ 담보위반이 있었다 하더라도 그러한 담보위반이 특정 손해와 인과관계가 없다면 보험자는 특정 손해에 대해서 보상책임이 있다.
④ 적하보험의 경우 운송 선박이 출항시 감항성을 갖추어야 한다는 묵시담보는 없다.",,X,1,,,0,,,,,,,,,,,,,
1357,ABANK-1357,중개사시험,09해상보험,미확인,,선택형,BD04,AD04,,"다음 중 운송보험의 기본요율 산출 시 고려되는 대상이 아닌 것은?
① 운송업자
② 운송화물
③ 보험조건
④ 운송용구",,X,4,,,0,,,,,,,,,,,,,
1358,ABANK-1358,중개사시험,09해상보험,미확인,,선택형,BD04,AD04,,"다음 중 운송보험의 보통약관에서 보상하지 않는 손해지만 특별약관으로 별도의 약정을 통해서 보상이 가능한손해는?
① 보험의 목적인 화물의 성질로 인한 자연발화손해
② 포장의 불완전으로 인한 손해
③ 전쟁으로 인한 손해
④ 지진으로 인한 손해",,X,2,,,0,,,,,,,,,,,,,
1359,ABANK-1359,중개사시험,09해상보험,미확인,,선택형,BD04,AD04,,"다음 중 공동해손과 관련이 없는 용어는?
① 헤이그 비스비 규칙(Hague-Visby Rules)
② 요크 앤트워프 규칙(York-Antwerp Rules)
③ 공동해손 맹약서(Lloyd’s Average Bond)
④ 비분리 협정서(Non-separation Agreement)",,X,4,,,0,,,,,,,,,,,,,
1360,ABANK-1360,중개사시험,09해상보험,미확인,,선택형,BD04,AD04,,"협회기간약관-선박(ITC-Hulls, 1983) 제3조 담보위반조항 (Breach of Warranty)은 보험자에게 담보위반 사실을 지체없이 통보하고 보험자가 요구한 수정된 보험조건 및 추가보험료에 합의를 한 경우에 특정의 담보위반이 허용되고 보험자의 책임이 계속된다(Held Covered)고 규정하고 있다. 다음 중 동 약관조항에서 정한 상기와 같은 계속부담 조건의 충족으로 담보위반이 허용되는 경우가 아닌 것은?
① 피보험선박의 예인이나 피예인(towage of or by the insured ship)
② 피보험선박에 의해 운송되는 적하(cargo)
③ 항해의 지리적 제한(항로제한) 등 지역(locality)
④ 선급(classification)의 변경이나 정지",,X,1,,,0,,,,,,,,,,,,,
1361,ABANK-1361,중개사시험,09해상보험,미확인,,선택형,BD04,AD04,,"협회기간약관-선박(ITC-Hulls, 1983)을 사용하는 선박보험 계약에서 파열된 보일러 또는 파손된 차축의 수리비용이나 대체비용을 보상받기 위해 첨부하여야 할 특별약관은?
① Institute Warranties Clause(협회담보약관)
② Special Replacement Clause(기계수선특별약관)
③ Institute Additional Perils Clause(협회추가위험약관)
④ Institute Machinery Damage Additional Deductible Clause(협회기계류손상추가공제약관)",,X,4,,,0,,,,,,,,,,,,,
1362,ABANK-1362,중개사시험,09해상보험,미확인,,선택형,BD04,AD04,,"다음 중 ITC-Hulls, Total Loss Only(Including Salvage, Salvage Charges and Sue and Labour) - 1/10/1983 조건으로 체결된 선박보험계약에서 보험자가 보상하는 손해는?
① 구조료
② 공동해손
③ 단독해손
④ 충돌배상금",,X,3,,,0,,,,,,,,,,,,,
1363,ABANK-1363,중개사시험,09해상보험,미확인,,선택형,BD04,AD04,,"① 983년 협회전쟁 및 동맹파업약관[Institute War & Strikes Clauses(Hulls-Time)] 제5조 종료조항(Termination) 제1항은 “이 보험은 보험자 또는 피보험자의 어느 일방이 ()전에 통지함으로써 해지할 수 있다”라고 규정하고 있다. ( ) 안에 들어갈 기간으로 올바른 것은?
② 3일
③ 5일
④ 7일",,X,2,,,0,,,,,,,,,,,,,
1364,ABANK-1364,중개사시험,09해상보험,미확인,,선택형,BD04,AD04,,"다음은 우리나라 현행 상법 제5편 해상편 제770조(책임의 한도액) 제1항 제1호의 규정이다.() 안에 들어갈 숫자로 올바른 것은? 제770조(책임의 한도액)
① 선박소유자가 제한할 수 있는 책임의 한도액은 다음 각 호의 금액으로 한다.
② 여객의 사망 또는 신체의 상해로 인한 손해에 관한 채권에 대한 책임한도액은 그 선박의 선박검사증서에 기재된 여객의 정원에 ( ) 계산단위(국제통화기금의
③ 특별인출권에 상당하는 금액을 말한다. 이하 같다)를 곱하여 얻은 금액으로 한다.
④ 33만 3천",,X,2,,,0,,,,,,,,,,,,,
1365,ABANK-1365,중개사시험,09해상보험,미확인,,선택형,BD04,AD04,,"Incoterms(2020) 무역거래조건과 관련하여 물품이 매도인으로부터 매수인에게 위험이 전가되는 시점에 대한 설명 중 틀린 것은?
① FCA : 매수인이 지정한 운송인에게 인도된 때
② FAS : 선적지의 선측에 인도된 때
③ DPU : 목적지의 지정장소에 인도된 때
④ CIF : 목적지에서 운송선박으로부터 하역이 종료된 때",,X,2,,,0,,,,,,,,,,,,,
1366,ABANK-1366,중개사시험,09해상보험,미확인,,선택형,BD04,AD04,,"구협회적하보험약관(ICC, 1963)의 WA 3% 조건에 관한 설명 중 맞는 것은?
① 좌초로 인한 단독해손이 3% 미만이면 보상하지 않는다.
② 화재로 인한 단독해손이 3% 이상이면 3%를 공제한 금액을 보상한다.
③ 악천후로 인한 전손은 3%를 공제하지 않고 전액을 보상한다.
④ 침몰로 인한 전손은 3%를 공제한 금액을 보상한다.",,X,1,,,0,,,,,,,,,,,,,
1367,ABANK-1367,중개사시험,09해상보험,미확인,,선택형,BD04,AD04,,"구협회적하보험약관(ICC,1963)의 FPA조건에서는 보상이 되지만 신협회적하보험약관(ICC, 1982)의 (C) 조건에서는 보상이 되지 않는 손해는?
① 악천후로 인한 화물의 분손
② 목적항에서 하역작업 중 포장단위 당 화물의 전손
③ 운송 선박이 외부 물체와 접촉에 기인하여 발생한 화물의 분손
④ 공동해손 희생손해",,X,4,,,0,,,,,,,,,,,,,
1368,ABANK-1368,중개사시험,09해상보험,미확인,,선택형,BD04,AD04,,"신협회적하보험약관(ICC, 1982)의 (B) 조건에서 보상하지 않는 위험은?
① 육상 운송구로부터 하역작업 중 추락으로 인하여 발생한 매 포장당 전손
② 지진, 화산의 분화 또는 낙뢰
③ 조난항에서의 적하의 하역
④ 선창으로의 강물의 유입",,X,1,,,0,,,,,,,,,,,,,
1369,ABANK-1369,중개사시험,09해상보험,미확인,,선택형,BD04,AD04,,"적하보험 가입시 화물의 특성을 고려하여 화물별 사용 하는 적절한 부가 및 특별약관이 아닌 것은?
① 액체석유제품 – Pipeline Clause
② 산적곡물 – Sweat & Heating Risk
③ 식품 – Rejection Clause
④ 생동물 – Country Damage Clause",,X,4,,,0,,,,,,,,,,,,,
1370,ABANK-1370,중개사시험,09해상보험,미확인,,선택형,BD04,AD04,,"구협회적하보험약관(ICC, 1963)을 첨부한 SG Policy 본문약관에 명기한 해상고유의 위험(perils of the seas)에 해당하는 항목만 열거한 것은? ㉠ 화재(fire) ㉡ 충돌(collision) ㉢ 투하(jettison) ㉣ 악천후(heavy weather)
① ㉠, ㉡
② ㉡, ㉣
③ ㉠, ㉢
④ ㉢, ㉣",,X,3,,,0,,,,,,,,,,,,,
1371,ABANK-1371,중개사시험,09해상보험,미확인,,선택형,BD04,AD04,,"신협회적하보험약관(ICC,1982)제6조 전쟁면책조항(war exclusion clause)에 열거하지 않은 위험은?
① 반란(rebellion)
② 억류(restraint)
③ 나포(capture)
④ 해적(piracy)",,X,3,,,0,,,,,,,,,,,,,
1372,ABANK-1372,중개사시험,09해상보험,미확인,,선택형,BD04,AD04,,"요크-앤트워프 규칙(YAR 1994)에서 공동해손 희생손해로 인정될 수 없는 것은?
① 선박 화재로 인한 화물의 손상
② 좌초된 선박을 이초하기 위해 화물 양하 중에 발생한 화물의 손상
③ 공동안전을 위한 투하행위로 인한 화물의 손상
④ 선내 소화작업에 의한 화물의 손상",,X,4,,,0,,,,,,,,,,,,,
1373,ABANK-1373,중개사시험,09해상보험,미확인,,선택형,BD04,AD04,,"운송보험 보통약관에서 보험계약을 맺은 후 계약자나 피보험자가 지체없이 서면으로 보험회사에 알리고 보험증권에 확인을 받아야 하는 사항이 아닌 것은?
① 위험이 뚜렷하게 변경 또는 증가한 때
② 보험가액이 뚜렷하게 감소한 때
③ 손해방지의무를 위반한 때
④ 다른 계약을 체결할 때",,X,2,,,0,,,,,,,,,,,,,
1374,ABANK-1374,중개사시험,09해상보험,미확인,,선택형,BD04,AD04,,"운송보험 보통약관에 대한 설명 중 틀린 것은?
① 운송인이 운송할 목적으로 보험의 목적을 보험증권에 기재한 발송지의 보관장소에서 반출할 때부터 시작하여 보험증권에 기재된 도착지의 보관장소에 보험의 목적이 반입되었을 때까지를 보험기간으로 한다.
② 보험의 목적이 보험증권에 기재된 도착지의 보관장소에 반입되기 전이라도 보험증권에 기재된 도착지의 보관장소에 도착한 후 24시간이 경과된 때 종료된다.
③ 전부손해 조건으로 보험에 가입된 경우 보상하지 않는 손해에 명기된 면책위험 이외의 원인으로 인하여 발생한 모든 손해를 담보한다.
④ 손해방지 또는 경감을 위하여 발생한 손해방지비용은 지급보험금에 추가하여 그 합계금액이 보험가입금액을 초과하더라도 이를 지급한다.",,X,4,,,0,,,,,,,,,,,,,
1375,ABANK-1375,중개사시험,09해상보험,미확인,,선택형,BD04,AD04,,"협회기간약관-선박(ITC-Hulls, 1983)에 관한 설명 중 잘못된 것은?
① 피보험선박은 보험기간 중 도선사의 승선 여부에 관계없이 항행하여도 무방하다.
② 피보험자의 사전의 서면동의 없이 소유권의 귀속을 목적으로 징발된 경우에는 피보험선박이 항해 중에 있어도 징발시로부터 15일 후에 보험은 자동종료한다.
③ 보험자의 사전 서면동의를 받고 피보험자가 충돌배상책임에 관해 다투거나 법적조치를 취하는 경우, 피보험자가 지급한 또는 지급하여야 할 법적비용의 4분의 3을 보상한다.
④ 미수리 상태에서 동일 보험기간 중에 보상되지 않는 전손이 발생한 경우에 보상액은 미수리로 인한 선박시장가액의 합리적인 감가액으로 하되 합리적인 수리비를 초과할 수 없다.",,X,3,,,0,,,,,,,,,,,,,
1376,ABANK-1376,중개사시험,09해상보험,미확인,,선택형,BD04,AD04,,"다음은 우리나라 현행 상법 제5편 해상편 제754조(선박의 수선불능) 제1항의 규정이다. ()안에 들어갈 내용으로 올바른 것은? 제754조(선박의 수선불능)
① 다음 각 호의 경우에는 선박은 수선하기 불가능하게 된 것으로 본다.
② 선박이 그 현재지에서 수선을 받을 수 없으며 또 그 수선을 할 수 있는 곳에 도달하기 불가능한 때
③ 수선비가 선박의 가액의 ( )을 초과할 때
④ 5분의",,X,1,,,0,,,,,,,,,,,,,
1377,ABANK-1377,중개사시험,09해상보험,미확인,,선택형,BD04,AD04,,"다음 중 협회기간약관-선박(ITC-Hulls, 1983)에 포함된 약관조항에 대한 설명 중 잘못된 것은?
① 제7조 오염위험조항(Pollution Hazard)은 ‘해상오염을 보상하지 않는다’는 내용을 담고 있다.
② 제13조 피보험자의 의무(손해방지)조항[Duty of Assured(Sue and Labour)]은 피보험자가 보상되는 손실의 경감조치를 위해 합리적으로 지출한 비용(손해방지비용 등)을 보상한다는 내용을 담고 있다.
③ 제14조 신구교환조항(New for Old)은 수리시 손상된 부품을 신품으로 교체하여도 신구교환 차액을 공제하지 않는다는 내용을 담고 있다.
④ 제20조 운임포기조항(Freight Waiver)은 전손 또는 추정전손의 경우에 위부통지의 여부를 불문하고 보험자는 운임을 청구하지 않는다는 내용을 담고 있다.",,X,2,,,0,,,,,,,,,,,,,
1378,ABANK-1378,중개사시험,09해상보험,미확인,,선택형,BD04,AD04,,"다음 중 협회기간약관-선박(ITC-Hulls, 1983)을 사용한 선박보험에서 각각의 사유로 보험계약이 해지되는 경우에 환급보험료의 산출을 일할(pro rata daily)이 아닌 월할(pro rata monthly)로 계산하는 경우는?
① 보험기간 중 선박의 나용선계약(bareboat charterparty)의 체결
② 보험계약자(피보험자)가 요청하고 보험자가 승인한 임의해지
③ 선박 소유자의 변경
④ 선박이 보유한 선급(class)의 변경",,X,2,,,0,,,,,,,,,,,,,
1379,ABANK-1379,중개사시험,09해상보험,미확인,,선택형,BD04,AD04,,"협회기간약관-선박(ITC-Hulls, 1983)은 영국의 법과 관습 (English Law and Practice)을 준거법으로 규정하고 있다.다음 중 영국해상보험법(MIA, 1906) 상에 규정된 내용으로 옳지 않은 것은?
① 피보험자가 손해발생시에 피보험이익을 가지고 있지 않을 경우에는 피보험자는 손해발생의 사실을 알고난 후에는 여하한 행위나 선택에 의해서도 이익을 취득할 수 없다.
② 선박이 적법한 이유 없이 보험증권에 정하여진 항해에서 이탈하는 경우 보험자는 그 이로(離路)시부터 책임이 해제된다.
③ 보험계약이 보험의 목적을 “에서 및 부터”또는 어느 장소로부터 다른 1개의 장소나 수개의 장소까지로 보험인수하는 경우 그 보험증권을 “기간보험증권”이라고 부른다.
④ 위험 개시 후 선박의 목적지가 보험증권에 정하여진 목적지로부터 임의로 변경되는 경우에 항해의 변경이 있었다고 말한다.",,X,4,,,0,,,,,,,,,,,,,
